accommodates,bedrooms,beds,minimum_nights,maximum_nights,review_scores_rating,availability_30,review_scores_cleanliness,availability_60,availability_90,availability_365,priceClass
3,1.0,2.0,3,31,5.0,5,5.0,18,39,112,0.0
4,2.0,4.0,60,1125,4.86,0,4.88,4,4,164,1.0
4,2.0,2.0,30,1125,4.71,0,4.64,1,8,283,0.0
3,1.0,1.0,2,3,4.91,0,4.93,0,0,0,0.0
6,2.0,2.0,30,120,4.71,1,4.58,9,39,129,0.0
2,1.0,3.0,3,1125,4.9,2,4.97,8,38,38,0.0
4,1.0,2.0,1,1125,4.93,1,4.94,12,20,238,0.0
6,2.0,2.0,2,90,4.69,4,4.86,20,35,107,1.0
4,1.0,1.0,1,1125,4.89,1,4.93,8,15,244,0.0
16,6.0,9.0,2,365,4.87,1,4.93,18,33,292,1.0
6,3.0,3.0,2,365,4.71,12,4.86,36,66,336,1.0
6,3.0,4.0,2,365,4.86,10,4.91,30,48,301,1.0
10,4.0,7.0,2,365,4.95,2,5.0,21,44,297,1.0
2,1.0,1.0,2,7,4.93,4,4.95,27,50,50,0.0
2,1.0,1.0,2,7,4.97,10,4.97,25,48,48,0.0
8,3.0,4.0,2,28,5.0,6,5.0,23,49,124,1.0
5,2.0,3.0,2,1125,4.85,8,4.92,24,51,316,1.0
2,1.0,1.0,30,1125,4.5,0,4.5,0,0,228,0.0
2,1.0,1.0,2,1125,4.86,0,4.83,9,18,18,0.0
4,1.0,2.0,3,1125,4.81,8,4.9,38,68,158,0.0
7,3.0,4.0,3,1125,4.93,11,4.95,36,61,334,1.0
4,2.0,2.0,1,1125,4.9,1,4.96,19,46,123,0.0
6,3.0,4.0,2,21,4.94,6,4.98,31,59,232,1.0
6,3.0,3.0,2,365,4.82,13,4.94,38,51,320,1.0
8,3.0,5.0,2,1125,4.7,1,5.0,18,41,309,1.0
8,3.0,3.0,1,15,4.91,9,4.94,27,48,138,1.0
2,1.0,1.0,1,365,5.0,15,4.5,42,55,73,1.0
2,1.0,1.0,30,1125,4.88,1,4.75,1,1,251,0.0
3,2.0,2.0,1,1125,4.95,2,4.96,2,2,2,0.0
2,1.0,1.0,1,365,5.0,18,5.0,30,37,38,1.0
2,1.0,1.0,1,365,5.0,11,5.0,29,42,42,1.0
2,1.0,1.0,2,28,5.0,1,4.99,1,1,7,0.0
2,1.0,1.0,1,1125,4.88,14,4.91,37,67,333,1.0
2,1.0,1.0,14,1125,5.0,1,4.94,1,22,88,0.0
3,1.0,2.0,1,21,4.99,3,4.97,13,30,288,1.0
2,1.0,1.0,1,1125,4.98,8,5.0,31,57,325,1.0
2,1.0,2.0,2,1125,4.91,14,4.97,31,59,326,0.0
2,1.0,1.0,1,1125,4.99,7,5.0,26,49,319,1.0
2,1.0,1.0,1,1125,4.96,12,4.97,35,65,330,1.0
4,2.0,3.0,3,31,4.95,2,4.97,21,40,51,1.0
2,1.0,1.0,30,1125,4.89,0,4.44,5,27,237,0.0
2,1.0,2.0,30,30,5.0,0,4.67,30,34,72,0.0
4,1.0,2.0,2,90,4.96,9,4.98,32,50,118,0.0
6,3.0,4.0,2,1125,4.38,0,4.25,0,0,160,1.0
2,1.0,1.0,1,7,4.97,0,5.0,0,0,0,0.0
15,4.0,7.0,2,1125,4.85,11,4.8,32,52,317,1.0
4,2.0,2.0,21,1125,5.0,0,5.0,1,7,102,0.0
4,2.0,2.0,2,30,4.87,16,4.92,38,68,76,1.0
2,1.0,1.0,2,31,4.85,14,4.94,41,71,335,1.0
4,2.0,3.0,2,21,4.86,3,4.95,17,33,263,1.0
2,1.0,1.0,2,31,4.9,9,4.96,29,56,320,1.0
4,1.0,2.0,2,21,4.93,1,4.95,19,45,116,0.0
4,2.0,2.0,1,21,4.96,10,4.94,31,54,228,1.0
4,2.0,2.0,1,21,4.97,7,4.98,29,54,234,1.0
6,2.0,4.0,1,365,4.97,1,4.99,11,15,252,1.0
4,2.0,2.0,2,1125,4.82,6,4.65,29,54,306,1.0
4,2.0,2.0,1,365,4.94,5,5.0,16,20,272,1.0
8,3.0,4.0,2,1125,4.76,6,4.93,27,54,325,1.0
14,3.0,9.0,1,365,4.94,7,4.92,14,32,285,1.0
6,3.0,3.0,2,1125,4.95,14,5.0,44,71,331,1.0
2,1.0,1.0,1,365,5.0,7,5.0,20,33,234,1.0
8,4.0,4.0,1,14,4.85,8,4.85,31,55,142,1.0
6,2.0,2.0,1,365,4.95,7,4.97,31,58,330,1.0
6,3.0,3.0,2,365,4.75,3,5.0,20,50,325,1.0
4,1.0,2.0,2,45,5.0,0,4.68,0,4,127,1.0
2,1.0,1.0,2,5,4.98,0,4.96,13,39,108,0.0
2,1.0,1.0,2,90,5.0,2,5.0,32,62,62,0.0
12,5.0,6.0,2,365,5.0,0,5.0,0,0,196,1.0
4,2.0,3.0,2,365,4.91,8,5.0,31,57,310,1.0
14,5.0,7.0,2,365,4.95,12,4.8,33,52,307,1.0
4,2.0,2.0,2,1125,4.65,5,4.85,18,48,321,0.0
1,1.0,1.0,26,1125,5.0,18,5.0,19,27,117,0.0
4,1.0,2.0,1,365,4.72,10,4.88,40,70,155,1.0
16,6.0,7.0,2,28,4.91,1,4.91,1,5,128,1.0
4,1.0,2.0,2,365,4.62,19,4.88,46,76,161,1.0
6,2.0,2.0,1,365,4.66,8,4.94,31,60,139,1.0
6,2.0,3.0,1,365,4.76,7,4.96,36,66,151,1.0
6,2.0,4.0,2,365,4.9,1,4.96,10,31,281,1.0
4,2.0,2.0,2,30,4.9,4,4.77,25,55,142,0.0
4,1.0,2.0,1,365,4.57,20,4.95,50,80,165,1.0
5,1.0,3.0,1,365,4.92,10,4.87,25,47,314,0.0
6,2.0,3.0,1,365,4.88,4,4.95,26,36,177,1.0
4,2.0,3.0,1,1125,4.88,10,4.93,26,45,302,1.0
2,1.0,1.0,3,10,4.9,10,4.9,11,11,11,1.0
16,7.0,11.0,2,365,5.0,1,4.75,14,29,288,1.0
6,2.0,2.0,2,365,5.0,14,4.89,30,58,330,1.0
2,1.0,1.0,3,10,4.69,21,4.88,22,22,22,0.0
4,1.0,2.0,1,365,4.49,19,4.86,49,77,162,1.0
2,1.0,1.0,3,14,4.96,5,5.0,23,47,217,0.0
8,4.0,5.0,2,365,4.94,8,5.0,29,56,331,1.0
6,2.0,3.0,1,365,4.74,7,4.94,23,53,138,1.0
7,1.0,5.0,2,31,4.88,14,4.93,37,63,153,1.0
4,2.0,2.0,4,30,4.92,3,4.83,4,4,78,1.0
1,1.0,1.0,1,15,4.72,0,4.83,0,0,0,0.0
4,1.0,2.0,2,31,4.89,15,4.95,38,68,158,0.0
6,2.0,3.0,1,365,4.88,4,4.98,25,51,310,1.0
4,1.0,2.0,1,365,4.83,7,4.97,18,37,299,1.0
4,1.0,2.0,1,28,4.91,5,4.91,21,36,269,0.0
3,1.0,3.0,2,31,4.87,4,4.97,32,62,337,0.0
4,1.0,2.0,1,365,4.69,12,4.96,42,67,342,1.0
4,1.0,1.0,1,365,4.95,10,5.0,31,50,316,1.0
4,1.0,2.0,1,365,4.78,10,4.98,36,62,337,1.0
10,5.0,5.0,3,1125,4.56,11,4.56,27,46,306,1.0
4,1.0,2.0,1,365,4.95,0,5.0,0,0,0,1.0
6,2.0,3.0,1,365,4.69,4,4.82,21,51,133,1.0
6,2.0,3.0,1,365,4.8,7,4.97,27,42,301,1.0
4,1.0,2.0,1,365,4.65,3,4.9,25,55,140,1.0
1,1.0,1.0,1,66,4.83,11,4.72,11,11,11,0.0
6,2.0,3.0,1,365,4.97,9,5.0,29,45,175,1.0
2,1.0,1.0,1,14,4.84,16,4.74,18,18,18,0.0
6,2.0,3.0,1,365,4.85,4,4.98,14,29,278,1.0
2,1.0,1.0,1,21,4.61,21,4.58,21,21,21,0.0
4,1.0,2.0,1,365,4.96,8,5.0,27,46,307,1.0
4,1.0,2.0,1,365,4.67,8,4.85,38,68,153,1.0
6,2.0,3.0,1,365,4.87,2,4.92,11,15,269,1.0
4,1.0,2.0,1,365,4.94,0,4.94,0,0,0,1.0
4,1.0,2.0,2,1125,4.97,6,5.0,36,61,333,1.0
12,4.0,9.0,2,45,4.94,9,4.91,25,42,299,1.0
4,1.0,2.0,1,365,4.89,4,4.97,22,42,308,1.0
4,2.0,2.0,2,365,5.0,3,5.0,10,10,201,1.0
4,2.0,2.0,2,365,4.64,14,5.0,37,60,330,1.0
4,2.0,2.0,2,365,4.46,7,4.69,28,46,315,1.0
4,2.0,2.0,2,365,5.0,8,5.0,31,41,313,1.0
4,2.0,2.0,2,365,4.86,6,4.71,31,55,328,1.0
4,1.0,2.0,1,365,4.91,7,4.96,24,50,313,1.0
6,2.0,3.0,1,365,4.9,11,4.97,36,65,141,1.0
4,2.0,2.0,2,1125,4.38,9,4.63,30,60,335,0.0
2,1.0,1.0,1,30,4.92,4,4.93,27,53,125,0.0
16,4.0,12.0,2,365,5.0,3,5.0,10,28,281,1.0
8,3.0,3.0,2,10,5.0,0,5.0,20,50,230,1.0
10,4.0,6.0,2,365,5.0,8,5.0,35,65,332,1.0
6,3.0,4.0,2,365,4.92,2,4.92,26,41,291,1.0
6,2.0,2.0,1,365,4.91,4,4.91,16,39,113,1.0
4,2.0,2.0,2,365,4.33,8,5.0,22,37,308,1.0
4,2.0,3.0,2,365,4.17,3,4.33,20,34,297,1.0
8,3.0,4.0,1,365,4.7,2,4.81,18,26,240,1.0
6,3.0,3.0,2,365,5.0,12,4.92,36,58,307,1.0
4,2.0,2.0,2,30,4.87,12,4.9,32,52,134,0.0
6,3.0,3.0,2,365,4.86,8,4.93,24,42,301,1.0
4,2.0,2.0,1,30,4.8,8,4.7,8,15,186,0.0
13,4.0,5.0,3,1125,4.93,8,4.91,21,37,178,1.0
4,2.0,2.0,2,1125,4.9,6,4.95,31,56,331,1.0
2,1.0,1.0,1,1125,4.96,2,4.96,24,54,317,1.0
2,1.0,1.0,1,1125,4.95,7,4.67,22,36,270,1.0
2,1.0,1.0,1,30,4.96,11,5.0,35,65,65,0.0
4,2.0,2.0,1,29,4.89,4,5.0,27,53,125,0.0
6,2.0,3.0,1,365,4.84,4,4.84,18,42,309,1.0
4,1.0,2.0,2,30,4.85,2,4.89,2,2,2,0.0
2,1.0,1.0,2,1125,4.96,0,4.98,7,37,37,0.0
2,1.0,1.0,2,1125,4.96,8,4.96,27,44,128,0.0
4,2.0,2.0,1,365,4.79,5,4.83,35,61,334,1.0
4,2.0,2.0,2,7,4.96,11,5.0,33,53,219,1.0
6,2.0,3.0,3,30,4.97,0,4.97,0,0,0,1.0
6,3.0,3.0,2,365,4.65,13,4.88,39,59,331,1.0
5,2.0,2.0,2,30,4.96,5,4.93,35,65,155,0.0
2,1.0,1.0,3,31,4.94,1,4.94,20,34,185,1.0
3,1.0,1.0,2,1125,4.88,1,4.92,26,51,83,1.0
7,3.0,3.0,30,1125,5.0,0,5.0,5,35,125,1.0
2,1.0,2.0,30,1125,5.0,0,5.0,6,20,216,0.0
4,1.0,2.0,1,28,4.95,9,5.0,26,48,320,1.0
8,4.0,5.0,3,10,5.0,8,4.5,8,8,8,1.0
4,1.0,1.0,1,11,4.92,0,4.98,4,6,188,0.0
8,3.0,4.0,2,1125,4.95,0,4.95,13,33,294,1.0
2,1.0,1.0,2,1125,4.84,14,4.79,17,17,17,0.0
4,2.0,2.0,2,29,5.0,12,5.0,22,29,50,1.0
8,3.0,3.0,1,365,5.0,2,4.93,11,20,253,1.0
4,1.0,2.0,1,365,4.88,8,4.94,33,53,323,1.0
13,4.0,7.0,2,60,4.77,9,4.95,28,47,306,1.0
3,1.0,1.0,2,1125,4.81,12,4.92,32,62,331,0.0
4,2.0,3.0,2,365,5.0,0,5.0,4,7,203,1.0
2,1.0,1.0,1,1125,4.91,0,5.0,0,0,159,0.0
6,3.0,3.0,3,1125,4.85,7,4.79,24,50,321,1.0
4,2.0,2.0,2,365,4.73,12,5.0,35,58,329,1.0
2,1.0,1.0,1,365,5.0,11,5.0,37,62,305,1.0
2,1.0,1.0,2,365,5.0,15,5.0,38,63,307,1.0
2,1.0,1.0,1,365,5.0,16,5.0,38,65,312,1.0
2,1.0,1.0,1,1125,4.89,9,4.93,33,61,61,0.0
8,3.0,5.0,2,1125,4.1,23,4.9,53,83,358,1.0
2,1.0,1.0,1,365,5.0,17,5.0,42,66,317,1.0
2,1.0,1.0,1,22,4.88,6,4.97,6,7,7,0.0
7,2.0,4.0,29,1125,5.0,0,5.0,0,11,269,0.0
6,3.0,4.0,2,1125,4.78,8,4.83,33,58,319,1.0
2,1.0,1.0,60,90,4.33,0,4.33,1,1,224,0.0
2,1.0,1.0,1,45,4.69,14,4.78,14,14,14,0.0
2,1.0,1.0,1,15,4.85,14,4.82,14,15,15,0.0
5,3.0,3.0,29,1125,5.0,0,5.0,0,0,123,0.0
3,1.0,2.0,2,90,5.0,0,4.96,18,48,127,0.0
2,1.0,1.0,1,45,4.91,16,4.89,16,16,16,0.0
1,1.0,1.0,1,45,4.94,13,4.9,13,13,13,0.0
7,3.0,4.0,30,150,5.0,1,5.0,1,1,1,1.0
2,1.0,1.0,3,10,4.98,5,5.0,28,58,144,0.0
6,2.0,3.0,1,365,4.84,15,4.98,34,52,316,0.0
2,1.0,1.0,1,1125,4.99,2,4.99,4,13,206,0.0
4,2.0,2.0,2,5,5.0,0,5.0,13,39,110,0.0
10,4.0,6.0,3,1125,5.0,5,5.0,5,27,281,1.0
4,2.0,2.0,2,1125,5.0,0,4.67,7,37,312,0.0
8,3.0,5.0,1,365,4.75,8,4.86,25,44,298,1.0
4,2.0,2.0,2,1125,4.97,5,4.92,21,31,109,1.0
5,2.0,2.0,2,28,5.0,1,5.0,11,19,74,1.0
4,1.0,2.0,1,1125,4.98,2,5.0,11,26,96,0.0
9,3.0,5.0,3,1125,4.83,12,4.92,41,71,342,1.0
4,2.0,2.0,2,30,5.0,1,5.0,5,15,266,0.0
6,2.0,3.0,1,365,5.0,2,5.0,16,37,296,1.0
6,1.0,5.0,1,1125,4.91,16,4.94,23,53,327,0.0
10,4.0,6.0,3,1125,5.0,2,5.0,13,31,277,1.0
2,1.0,1.0,2,1125,4.56,19,4.17,49,79,354,0.0
4,1.0,2.0,1,7,4.91,0,4.91,0,0,0,0.0
4,2.0,2.0,2,1125,4.4,0,4.8,8,37,306,0.0
2,1.0,1.0,30,1125,5.0,4,5.0,4,4,160,1.0
6,1.0,2.0,2,10,4.95,6,4.95,29,49,132,0.0
4,1.0,2.0,2,7,5.0,12,5.0,30,60,145,1.0
6,3.0,3.0,3,28,5.0,1,4.88,31,61,151,1.0
3,1.0,1.0,2,4,4.96,0,5.0,0,0,0,0.0
2,1.0,1.0,2,1125,5.0,3,4.96,3,3,24,0.0
4,2.0,2.0,30,180,5.0,2,5.0,2,2,10,0.0
2,1.0,1.0,2,30,5.0,0,5.0,0,7,255,0.0
6,1.0,3.0,2,1125,4.98,0,4.98,16,33,196,1.0
2,1.0,1.0,2,14,5.0,7,5.0,14,26,180,0.0
6,2.0,2.0,1,365,4.9,4,5.0,18,35,304,1.0
8,4.0,5.0,2,1125,5.0,11,4.93,38,60,335,1.0
6,3.0,2.0,1,365,4.63,13,5.0,36,57,189,1.0
6,2.0,3.0,1,365,4.76,10,4.97,29,47,312,1.0
4,1.0,2.0,1,1125,4.99,0,4.97,3,13,53,1.0
4,1.0,2.0,2,7,5.0,8,5.0,38,68,343,0.0
5,2.0,3.0,3,1125,5.0,0,5.0,0,0,18,1.0
2,1.0,1.0,2,1125,5.0,17,5.0,41,71,340,0.0
4,1.0,2.0,1,1125,4.86,7,4.88,19,34,179,0.0
5,2.0,2.0,2,28,5.0,0,5.0,9,18,78,1.0
4,2.0,2.0,3,8,4.67,16,4.44,43,70,94,1.0
4,1.0,2.0,2,28,5.0,9,5.0,21,30,99,1.0
4,1.0,2.0,2,28,4.95,8,5.0,21,33,103,1.0
5,2.0,2.0,2,28,5.0,2,5.0,13,19,87,1.0
6,2.0,3.0,1,365,4.91,2,5.0,12,21,250,1.0
4,2.0,2.0,1,365,4.67,11,5.0,30,47,298,1.0
2,1.0,1.0,2,1125,4.84,2,4.81,16,16,16,0.0
4,2.0,2.0,2,31,5.0,3,5.0,5,17,155,1.0
4,2.0,2.0,2,7,5.0,13,5.0,39,49,104,0.0
2,1.0,1.0,2,5,5.0,3,4.97,27,49,49,0.0
3,1.0,2.0,2,1125,4.79,7,5.0,24,40,306,1.0
12,5.0,7.0,1,365,5.0,7,5.0,25,42,293,1.0
4,1.0,2.0,2,1125,5.0,10,5.0,33,63,336,0.0
4,1.0,1.0,1,1125,4.95,1,4.97,14,29,105,0.0
4,1.0,2.0,3,1125,4.97,6,4.91,16,39,39,0.0
3,1.0,1.0,2,28,4.94,8,5.0,20,25,100,1.0
4,2.0,2.0,2,1125,4.85,3,4.92,16,36,311,1.0
5,2.0,2.0,2,28,4.92,7,5.0,17,29,103,1.0
6,3.0,3.0,30,365,5.0,0,5.0,6,29,228,0.0
6,2.0,3.0,2,1125,5.0,6,5.0,36,66,341,1.0
2,1.0,1.0,2,7,5.0,6,5.0,31,61,90,0.0
8,2.0,2.0,3,1125,4.91,5,4.82,27,43,308,1.0
3,1.0,1.0,2,28,5.0,10,5.0,21,33,104,1.0
2,1.0,1.0,1,365,4.73,1,4.73,9,16,263,0.0
3,1.0,1.0,1,1125,5.0,16,5.0,46,76,351,0.0
8,4.0,4.0,2,1125,4.44,6,4.33,27,49,321,1.0
8,3.0,5.0,2,1125,5.0,10,5.0,37,62,337,1.0
6,2.0,3.0,1,365,4.88,3,5.0,20,40,54,1.0
4,1.0,2.0,1,365,4.73,2,5.0,27,57,332,1.0
6,2.0,3.0,1,365,4.92,7,5.0,20,33,293,1.0
11,5.0,6.0,2,1125,5.0,14,5.0,33,47,304,1.0
4,1.0,1.0,1,7,5.0,11,5.0,30,54,54,1.0
6,2.0,3.0,1,365,4.5,0,5.0,0,0,28,1.0
12,3.0,6.0,1,1125,4.8,2,5.0,19,40,125,1.0
2,1.0,1.0,2,31,5.0,17,5.0,47,77,167,0.0
4,1.0,1.0,2,4,5.0,23,4.86,53,83,83,0.0
4,2.0,2.0,4,30,5.0,3,5.0,4,4,78,1.0
2,1.0,2.0,2,7,5.0,2,5.0,15,30,77,0.0
6,2.0,2.0,1,365,4.88,6,5.0,21,37,172,1.0
2,1.0,2.0,1,365,4.7,11,4.6,28,54,323,1.0
8,4.0,5.0,3,1125,5.0,3,5.0,12,34,194,1.0
4,2.0,2.0,2,1125,5.0,1,5.0,16,34,267,0.0
6,2.0,3.0,1,365,5.0,2,5.0,12,36,278,1.0
4,2.0,2.0,2,1125,5.0,8,5.0,17,46,123,1.0
2,1.0,1.0,1,1125,5.0,1,5.0,1,1,1,0.0
2,1.0,1.0,2,1125,5.0,5,5.0,32,62,144,1.0
8,2.0,3.0,1,365,4.86,5,5.0,33,61,333,1.0
4,1.0,1.0,1,13,5.0,5,5.0,34,55,128,1.0
4,1.0,2.0,2,1125,4.8,12,5.0,38,68,155,0.0
9,3.0,4.0,2,14,5.0,1,5.0,1,1,53,1.0
2,1.0,1.0,1,14,5.0,0,5.0,18,48,48,0.0
4,1.0,2.0,2,365,5.0,8,5.0,36,66,341,0.0
7,3.0,4.0,2,1125,5.0,5,5.0,21,46,288,1.0
7,3.0,4.0,2,1125,4.67,13,4.33,37,67,342,1.0
4,1.0,2.0,2,7,5.0,13,5.0,43,73,163,0.0
2,1.0,1.0,1,30,5.0,1,4.83,13,28,193,0.0
4,2.0,2.0,2,45,4.67,9,5.0,15,15,174,1.0
2,1.0,1.0,1,7,5.0,12,5.0,28,28,28,0.0
4,2.0,3.0,1,365,5.0,9,5.0,28,58,331,1.0
4,1.0,2.0,2,1125,5.0,18,5.0,46,76,77,1.0
2,1.0,1.0,3,1125,5.0,2,5.0,11,18,169,0.0
2,1.0,1.0,2,3,4.7,24,4.9,54,59,328,0.0
3,1.0,2.0,3,31,5.0,0,5.0,12,38,128,0.0
4,2.0,2.0,90,180,4.84,0,4.96,0,6,268,0.0
2,1.0,1.0,90,180,4.79,0,4.88,0,0,111,0.0
4,2.0,4.0,60,1125,4.86,0,4.88,0,4,146,1.0
4,2.0,2.0,30,1125,4.71,0,4.64,0,1,269,0.0
4,2.0,2.0,4,180,4.71,11,4.85,17,47,236,1.0
3,1.0,1.0,2,3,4.91,0,4.93,0,0,0,0.0
6,2.0,2.0,30,120,4.71,0,4.58,21,51,141,0.0
2,1.0,3.0,3,1125,4.9,2,4.97,5,35,35,0.0
4,1.0,2.0,1,1125,4.92,1,4.94,6,19,233,0.0
6,2.0,2.0,2,90,4.69,5,4.87,14,32,104,1.0
4,1.0,1.0,1,1125,4.89,1,4.93,5,15,233,0.0
6,3.0,3.0,30,100,5.0,0,5.0,0,0,172,1.0
16,6.0,9.0,2,365,4.87,0,4.93,10,31,292,1.0
6,3.0,3.0,2,365,4.71,20,4.86,41,69,338,1.0
6,3.0,4.0,2,365,4.86,10,4.91,26,43,301,1.0
10,4.0,7.0,2,365,4.95,12,5.0,23,45,304,1.0
2,1.0,1.0,2,7,4.93,7,4.95,27,52,52,0.0
2,1.0,1.0,2,7,4.97,5,4.97,24,45,45,0.0
8,3.0,4.0,2,28,5.0,5,5.0,23,53,139,1.0
2,1.0,1.0,2,3,4.96,21,5.0,51,61,325,0.0
5,2.0,3.0,2,1125,4.83,6,4.92,20,48,317,1.0
2,1.0,1.0,30,1125,4.5,0,4.5,0,0,214,0.0
4,1.0,2.0,3,1125,4.81,0,4.9,22,52,141,0.0
7,3.0,4.0,3,1125,4.93,18,4.95,37,63,335,1.0
4,2.0,2.0,1,1125,4.9,2,4.97,15,44,118,0.0
6,3.0,4.0,2,21,4.94,6,4.98,26,51,223,1.0
6,3.0,3.0,2,365,4.82,0,4.94,0,0,0,1.0
8,3.0,5.0,2,1125,4.67,2,5.0,7,33,299,1.0
8,3.0,3.0,1,15,4.91,10,4.94,28,50,136,1.0
2,1.0,1.0,30,1125,4.88,1,4.75,1,1,237,0.0
3,2.0,2.0,1,1125,4.95,5,4.96,5,5,5,0.0
2,1.0,1.0,2,28,5.0,0,4.99,0,0,82,0.0
2,1.0,1.0,1,1125,4.88,15,4.91,34,64,334,1.0
2,1.0,1.0,28,1125,5.0,0,4.94,1,1,50,0.0
3,1.0,2.0,1,21,4.99,7,4.97,18,29,286,1.0
2,1.0,1.0,1,1125,4.98,7,5.0,21,47,322,1.0
2,1.0,2.0,2,1125,4.91,14,4.97,38,63,335,0.0
2,1.0,1.0,1,1125,4.99,3,5.0,25,55,325,1.0
2,1.0,1.0,1,1125,4.96,12,4.97,28,58,323,1.0
5,2.0,3.0,3,31,4.95,1,4.97,1,1,21,1.0
2,1.0,1.0,30,1125,4.89,0,4.44,0,17,219,0.0
2,1.0,2.0,30,30,5.0,0,4.5,9,31,51,0.0
4,1.0,2.0,1,90,4.96,3,4.98,5,27,88,0.0
6,3.0,4.0,2,1125,4.38,0,4.25,0,0,144,1.0
2,1.0,1.0,1,7,4.97,0,5.0,0,0,0,0.0
15,4.0,7.0,2,1125,4.88,12,4.84,30,51,313,1.0
4,2.0,2.0,21,1125,5.0,1,5.0,1,2,94,0.0
4,2.0,2.0,2,30,4.87,19,4.92,38,67,67,1.0
2,1.0,1.0,2,31,4.86,13,4.94,40,70,345,1.0
4,2.0,3.0,2,21,4.87,3,4.94,8,26,247,1.0
2,1.0,1.0,2,31,4.9,6,4.96,30,57,329,1.0
4,1.0,2.0,2,21,4.93,0,4.95,18,41,126,0.0
4,2.0,2.0,1,21,4.96,10,4.94,28,50,220,1.0
4,2.0,2.0,1,21,4.97,10,4.98,26,49,225,1.0
6,2.0,4.0,1,365,4.96,7,4.99,14,21,149,1.0
4,2.0,2.0,2,1125,4.81,7,4.63,24,48,301,1.0
4,2.0,2.0,1,365,4.96,5,5.0,17,32,252,1.0
8,3.0,4.0,2,1125,4.78,2,4.93,12,38,310,1.0
14,3.0,9.0,1,365,4.94,10,4.92,18,31,283,1.0
6,3.0,3.0,2,1125,4.95,9,5.0,35,65,329,1.0
2,1.0,1.0,1,365,5.0,13,5.0,27,36,249,1.0
8,4.0,4.0,1,14,4.83,16,4.83,33,57,140,1.0
6,2.0,2.0,1,365,4.95,9,4.97,32,60,220,1.0
6,3.0,3.0,2,365,4.91,9,5.0,12,41,316,1.0
4,1.0,2.0,2,45,5.0,5,4.71,9,15,125,1.0
2,1.0,1.0,1,5,4.98,3,4.96,21,47,133,0.0
2,1.0,1.0,2,90,5.0,3,5.0,17,47,47,0.0
12,5.0,6.0,2,365,5.0,1,5.0,1,1,189,1.0
4,2.0,3.0,2,365,4.91,11,5.0,35,62,317,1.0
14,5.0,7.0,2,365,4.95,17,4.8,36,57,319,1.0
4,2.0,2.0,2,1125,4.64,9,4.84,36,52,327,0.0
4,1.0,2.0,1,365,4.71,0,4.89,0,0,0,0.0
16,6.0,7.0,2,28,4.91,0,4.91,1,5,128,1.0
4,1.0,2.0,2,365,4.65,19,4.92,44,74,174,1.0
6,2.0,2.0,1,365,4.65,7,4.97,29,59,159,1.0
6,2.0,3.0,1,365,4.77,6,4.98,26,56,160,1.0
8,2.0,4.0,2,365,4.9,1,4.96,6,28,276,1.0
4,2.0,2.0,2,30,4.89,7,4.77,22,52,139,0.0
4,1.0,2.0,1,365,4.57,19,4.95,49,79,179,1.0
5,1.0,3.0,1,365,4.92,9,4.86,28,42,311,0.0
6,2.0,3.0,1,365,4.88,9,4.95,23,46,199,1.0
4,2.0,3.0,1,1125,4.87,13,4.92,25,55,313,1.0
2,1.0,1.0,3,10,4.89,3,4.89,3,3,3,1.0
16,7.0,11.0,2,365,5.0,11,4.75,16,36,293,1.0
6,2.0,2.0,2,365,5.0,13,4.89,39,55,217,1.0
2,1.0,1.0,3,10,4.67,22,4.87,23,23,23,0.0
4,1.0,2.0,1,365,4.5,16,4.85,42,72,171,1.0
2,1.0,1.0,3,14,4.96,0,5.0,0,0,0,0.0
8,4.0,5.0,2,365,4.94,10,5.0,23,51,324,1.0
6,2.0,3.0,1,365,4.72,7,4.94,15,42,146,1.0
7,1.0,5.0,2,31,4.88,16,4.92,35,62,150,1.0
4,2.0,2.0,4,30,4.92,9,4.82,19,21,82,1.0
4,1.0,2.0,2,31,4.89,12,4.95,40,70,160,0.0
6,2.0,3.0,1,365,4.88,5,4.98,23,51,203,1.0
4,1.0,2.0,1,365,4.82,8,4.97,20,44,196,1.0
4,1.0,2.0,1,28,4.91,4,4.91,15,33,264,0.0
3,1.0,3.0,2,31,4.87,15,4.97,40,70,345,0.0
4,1.0,2.0,1,365,4.69,0,4.96,0,0,0,1.0
4,1.0,1.0,1,365,4.95,7,5.0,27,53,150,1.0
4,1.0,2.0,1,365,4.79,10,4.98,35,65,162,1.0
10,5.0,5.0,3,1125,4.5,6,4.57,21,41,295,1.0
4,1.0,2.0,1,365,4.95,0,5.0,0,0,0,1.0
6,2.0,3.0,1,365,4.7,4,4.81,19,46,150,1.0
6,2.0,3.0,1,365,4.79,6,4.97,23,53,204,1.0
4,1.0,2.0,1,365,4.66,7,4.89,35,63,163,1.0
6,2.0,3.0,1,365,4.97,7,5.0,28,45,197,1.0
6,2.0,3.0,1,365,4.84,6,4.98,14,36,177,1.0
4,1.0,2.0,1,365,4.96,10,5.0,27,49,307,1.0
4,1.0,2.0,1,365,4.64,11,4.84,39,69,172,0.0
6,2.0,3.0,1,365,4.87,7,4.92,9,25,279,1.0
4,1.0,2.0,1,365,4.94,7,4.94,27,57,158,1.0
4,1.0,2.0,2,1125,4.97,8,5.0,28,58,330,1.0
4,1.0,2.0,1,365,4.94,9,5.0,30,53,150,1.0
4,2.0,2.0,2,365,5.0,7,5.0,16,19,192,1.0
5,2.0,2.0,30,35,5.0,0,5.0,0,20,31,0.0
4,2.0,2.0,2,365,4.6,11,5.0,32,54,323,1.0
4,2.0,2.0,2,365,4.82,14,5.0,36,66,340,1.0
4,2.0,2.0,2,365,5.0,0,5.0,0,0,0,1.0
4,2.0,2.0,2,365,4.86,7,4.71,26,54,325,1.0
4,1.0,2.0,1,365,4.91,9,4.96,29,55,315,1.0
6,2.0,3.0,1,365,4.9,15,4.97,36,64,157,1.0
4,2.0,2.0,2,1125,4.29,7,4.57,30,60,335,0.0
2,1.0,1.0,1,30,4.92,3,4.93,20,49,121,0.0
16,4.0,12.0,2,365,5.0,5,5.0,12,24,276,1.0
8,3.0,3.0,2,10,5.0,0,5.0,0,0,78,1.0
10,4.0,6.0,2,365,5.0,14,5.0,33,63,332,1.0
6,3.0,4.0,2,365,4.92,6,4.92,19,41,290,1.0
6,2.0,2.0,1,365,4.9,2,4.9,17,42,131,1.0
4,2.0,2.0,2,365,4.33,14,5.0,32,51,323,1.0
4,2.0,3.0,2,365,4.0,9,4.2,25,48,309,1.0
8,3.0,4.0,1,365,4.69,8,4.81,17,33,250,1.0
6,3.0,3.0,2,365,5.0,2,4.92,23,50,297,1.0
4,2.0,2.0,2,30,4.87,9,4.9,29,55,131,0.0
6,3.0,3.0,2,365,4.85,18,4.92,35,54,315,1.0
4,2.0,2.0,1,30,4.83,13,4.67,19,19,179,0.0
13,4.0,5.0,3,1125,4.93,4,4.94,18,33,180,1.0
4,2.0,2.0,2,1125,4.89,1,5.0,22,52,327,1.0
2,1.0,1.0,1,1125,4.96,0,4.96,18,48,318,1.0
2,1.0,1.0,1,1125,4.95,16,4.63,34,55,280,1.0
2,1.0,1.0,1,30,4.97,9,5.0,34,64,64,0.0
4,2.0,2.0,1,29,4.89,4,5.0,20,49,121,0.0
6,2.0,3.0,1,365,4.83,5,4.83,16,43,195,1.0
4,1.0,2.0,2,30,4.88,1,4.91,2,2,2,0.0
2,1.0,1.0,2,1125,4.95,3,4.98,3,22,22,0.0
2,1.0,1.0,2,1125,4.96,10,4.96,38,66,156,0.0
4,2.0,2.0,1,365,4.79,9,4.82,32,59,163,1.0
4,2.0,2.0,2,7,4.95,7,5.0,29,55,221,1.0
6,2.0,3.0,3,30,4.97,0,4.97,0,0,0,1.0
6,3.0,3.0,2,365,4.63,8,4.88,32,62,333,1.0
5,2.0,2.0,2,30,5.0,15,4.93,36,66,156,0.0
7,2.0,3.0,2,14,5.0,2,5.0,2,2,2,1.0
3,1.0,2.0,2,15,5.0,2,5.0,2,2,2,1.0
3,1.0,1.0,2,14,4.94,3,5.0,3,3,51,1.0
2,1.0,1.0,3,31,4.93,3,4.93,3,3,144,1.0
3,1.0,1.0,2,1125,4.87,8,4.93,26,54,100,0.0
7,3.0,3.0,30,1125,5.0,9,5.0,9,37,127,1.0
2,1.0,2.0,30,1125,5.0,0,5.0,0,20,202,0.0
4,1.0,2.0,1,28,5.0,3,5.0,7,34,302,1.0
3,1.0,1.0,2,14,5.0,4,4.67,4,4,4,1.0
8,4.0,5.0,3,10,5.0,18,5.0,18,18,18,1.0
4,1.0,1.0,1,11,4.92,0,4.98,3,7,195,0.0
8,3.0,4.0,2,1125,4.95,0,4.95,7,31,287,1.0
8,3.0,3.0,1,365,5.0,5,4.93,12,25,255,1.0
4,1.0,2.0,1,365,4.87,10,4.94,23,53,208,1.0
13,4.0,7.0,2,60,4.76,4,4.95,22,39,296,1.0
4,2.0,3.0,2,365,5.0,0,5.0,0,4,190,1.0
2,1.0,1.0,1,1125,4.91,0,5.0,0,0,142,0.0
6,3.0,3.0,3,1125,4.84,13,4.78,23,48,315,1.0
4,2.0,2.0,2,365,4.71,12,5.0,34,61,333,1.0
2,1.0,1.0,1,365,5.0,14,5.0,38,68,309,1.0
2,1.0,1.0,2,365,5.0,20,5.0,37,65,305,1.0
2,1.0,1.0,1,365,5.0,21,5.0,35,65,309,1.0
2,1.0,1.0,1,1125,4.88,11,4.93,39,67,67,0.0
8,3.0,5.0,2,1125,4.22,22,5.0,50,80,355,1.0
2,1.0,1.0,1,365,5.0,21,5.0,46,75,321,1.0
2,1.0,1.0,1,22,4.88,6,4.96,7,7,7,0.0
7,2.0,4.0,29,1125,5.0,0,5.0,9,39,284,0.0
6,3.0,4.0,2,1125,4.81,6,4.88,22,52,313,1.0
2,1.0,1.0,60,90,4.33,0,4.33,1,1,210,0.0
5,3.0,3.0,29,1125,5.0,0,5.0,0,0,96,0.0
3,1.0,2.0,2,90,5.0,0,4.96,19,49,139,0.0
7,3.0,4.0,30,150,5.0,0,5.0,1,1,1,1.0
2,1.0,1.0,2,10,4.97,12,5.0,32,62,148,0.0
6,2.0,3.0,1,365,4.83,13,4.98,30,51,314,0.0
2,1.0,1.0,1,1125,5.0,0,5.0,6,13,226,0.0
3,1.0,1.0,2,15,5.0,0,5.0,0,0,0,1.0
4,2.0,2.0,2,5,5.0,4,5.0,23,50,136,0.0
10,4.0,6.0,3,1125,5.0,8,5.0,10,15,274,1.0
4,2.0,2.0,2,1125,5.0,0,4.67,0,23,298,0.0
8,3.0,5.0,1,365,4.77,9,4.89,23,44,181,1.0
4,2.0,2.0,2,1125,4.97,4,4.92,17,37,37,1.0
5,2.0,2.0,2,28,5.0,0,5.0,10,18,77,1.0
4,1.0,2.0,1,1125,4.98,3,5.0,14,32,105,0.0
9,3.0,5.0,3,1125,4.91,14,4.91,35,65,340,1.0
4,2.0,2.0,2,30,5.0,1,5.0,6,13,251,1.0
6,2.0,3.0,1,365,5.0,4,5.0,15,30,182,1.0
6,1.0,5.0,1,1125,4.9,15,4.94,45,75,349,0.0
10,4.0,6.0,3,1125,5.0,2,5.0,10,27,274,1.0
2,1.0,1.0,2,1125,4.56,18,4.17,48,78,353,0.0
4,1.0,2.0,1,7,4.91,0,4.91,0,0,0,0.0
4,2.0,2.0,2,1125,4.4,0,4.8,0,20,291,0.0
2,1.0,1.0,30,1125,5.0,11,5.0,41,71,251,1.0
6,1.0,2.0,2,10,4.94,16,4.94,38,67,152,0.0
4,1.0,2.0,2,7,5.0,14,5.0,35,65,152,1.0
6,3.0,3.0,3,28,5.0,0,4.92,23,53,143,0.0
2,1.0,1.0,2,1125,5.0,4,4.95,5,5,22,0.0
4,2.0,2.0,30,180,5.0,0,5.0,0,0,3,0.0
2,1.0,1.0,2,30,5.0,2,5.0,2,2,256,0.0
6,1.0,3.0,2,1125,4.97,0,5.0,12,30,188,1.0
2,1.0,1.0,2,14,5.0,7,5.0,10,22,174,0.0
6,2.0,2.0,1,365,4.9,7,5.0,17,45,202,1.0
8,4.0,5.0,2,1125,5.0,10,5.0,37,58,331,1.0
6,3.0,2.0,1,365,4.57,18,5.0,41,66,217,1.0
6,2.0,3.0,1,365,4.79,8,4.97,25,46,310,0.0
4,1.0,2.0,1,1125,5.0,0,4.97,5,12,67,1.0
4,1.0,2.0,2,7,5.0,1,5.0,21,51,326,0.0
5,2.0,3.0,28,1125,5.0,0,5.0,0,13,288,1.0
2,1.0,1.0,2,1125,5.0,9,5.0,35,61,336,0.0
4,1.0,2.0,1,1125,4.86,4,4.86,17,38,183,0.0
5,2.0,2.0,2,28,5.0,3,5.0,10,19,78,1.0
4,2.0,2.0,3,8,4.65,18,4.41,46,73,73,1.0
4,1.0,2.0,2,28,5.0,5,5.0,19,27,91,1.0
4,1.0,2.0,2,28,4.94,10,5.0,21,32,93,1.0
5,2.0,2.0,2,28,5.0,5,5.0,10,21,78,1.0
6,2.0,3.0,1,365,4.89,3,5.0,12,16,258,1.0
4,2.0,2.0,1,365,4.5,10,5.0,25,55,302,1.0
4,2.0,2.0,2,31,5.0,10,5.0,18,34,164,1.0
4,2.0,2.0,2,7,5.0,16,5.0,45,75,130,0.0
2,1.0,1.0,2,5,5.0,5,4.97,14,39,114,0.0
3,1.0,2.0,2,1125,4.88,3,5.0,22,46,316,1.0
12,5.0,7.0,1,365,5.0,0,5.0,19,33,287,1.0
4,1.0,2.0,2,1125,5.0,13,5.0,36,66,341,0.0
4,1.0,1.0,1,1125,4.95,4,4.98,14,41,117,0.0
4,1.0,2.0,3,1125,4.96,4,4.89,6,31,31,0.0
3,1.0,1.0,2,28,4.94,5,5.0,16,32,93,1.0
4,2.0,2.0,2,1125,4.85,5,4.92,7,21,296,1.0
5,2.0,2.0,2,28,4.9,11,5.0,18,26,91,1.0
6,3.0,3.0,30,365,5.0,0,5.0,0,18,210,0.0
6,2.0,3.0,2,1125,5.0,12,5.0,28,58,333,1.0
2,1.0,1.0,2,7,5.0,11,5.0,29,59,88,1.0
8,2.0,2.0,3,1125,5.0,5,4.89,26,49,312,1.0
3,1.0,1.0,2,28,5.0,5,5.0,15,34,95,1.0
2,1.0,1.0,1,365,4.63,2,4.63,9,15,141,0.0
3,1.0,1.0,1,14,5.0,13,5.0,43,73,348,0.0
8,4.0,4.0,2,1125,4.43,5,4.29,26,50,319,1.0
8,3.0,5.0,2,1125,5.0,0,5.0,0,0,0,1.0
6,2.0,3.0,1,365,4.75,6,5.0,18,44,76,1.0
4,1.0,2.0,1,365,4.67,14,5.0,32,58,222,1.0
6,2.0,3.0,1,365,5.0,3,5.0,20,36,188,1.0
11,5.0,6.0,2,1125,5.0,11,5.0,27,45,299,1.0
4,1.0,1.0,1,7,5.0,10,5.0,31,58,58,1.0
6,2.0,3.0,1,365,5.0,2,5.0,2,2,32,1.0
12,3.0,6.0,1,1125,4.88,2,5.0,14,37,131,1.0
2,1.0,1.0,2,31,5.0,12,5.0,42,72,162,0.0
4,1.0,1.0,2,4,5.0,22,5.0,52,82,82,0.0
4,2.0,2.0,4,30,5.0,9,5.0,12,14,74,1.0
2,1.0,2.0,2,7,5.0,7,5.0,15,29,81,0.0
6,2.0,2.0,1,365,4.83,8,5.0,21,39,197,1.0
2,1.0,2.0,1,365,4.63,6,4.5,23,47,316,1.0
8,4.0,5.0,3,1125,5.0,6,5.0,10,33,188,1.0
6,2.0,3.0,1,365,5.0,1,5.0,12,36,198,1.0
4,2.0,2.0,2,1125,5.0,5,5.0,12,33,113,1.0
2,1.0,1.0,1,1125,5.0,1,5.0,1,20,20,0.0
2,1.0,1.0,2,365,5.0,9,5.0,34,61,146,1.0
8,2.0,3.0,1,365,5.0,6,5.0,23,53,217,1.0
4,1.0,2.0,2,1125,5.0,0,5.0,0,0,0,0.0
2,1.0,1.0,1,14,5.0,0,5.0,1,31,31,0.0
7,3.0,4.0,2,1125,5.0,4,5.0,14,39,284,1.0
7,3.0,4.0,2,1125,4.5,8,4.0,26,56,331,1.0
2,1.0,1.0,1,30,5.0,10,4.33,23,46,212,0.0
4,2.0,2.0,60,365,97.0,0,10.0,0,0,194,0.0
2,1.0,1.0,90,180,96.0,0,10.0,0,0,0,0.0
4,2.0,4.0,60,1125,97.0,0,10.0,0,0,83,1.0
4,2.0,2.0,30,1125,94.0,0,10.0,0,0,233,0.0
4,2.0,2.0,4,360,94.0,5,10.0,24,36,36,0.0
3,1.0,1.0,2,3,98.0,0,10.0,11,12,12,0.0
6,2.0,2.0,30,120,94.0,4,9.0,11,11,104,0.0
4,1.0,2.0,1,1125,98.0,5,10.0,11,21,233,0.0
6,2.0,2.0,2,90,94.0,13,9.0,22,41,129,1.0
4,1.0,1.0,1,1125,98.0,6,10.0,15,23,242,0.0
16,6.0,9.0,2,365,98.0,19,10.0,37,37,272,1.0
6,3.0,3.0,2,365,94.0,7,10.0,19,43,315,1.0
6,3.0,4.0,2,365,97.0,17,10.0,32,42,283,1.0
10,4.0,7.0,2,365,99.0,19,10.0,40,61,311,1.0
2,1.0,1.0,2,21,98.0,20,10.0,36,54,54,0.0
2,1.0,1.0,30,1125,100.0,0,10.0,17,47,322,0.0
2,1.0,1.0,2,1125,97.0,7,9.0,17,24,24,0.0
4,1.0,2.0,3,1125,96.0,4,10.0,34,64,154,0.0
4,2.0,2.0,1,1125,98.0,7,10.0,27,51,138,0.0
6,3.0,3.0,2,365,96.0,6,10.0,11,31,281,1.0
8,3.0,3.0,1,15,98.0,17,10.0,34,57,135,1.0
2,1.0,1.0,30,1125,97.0,1,9.0,16,26,195,0.0
3,2.0,2.0,1,1125,99.0,4,10.0,4,4,4,0.0
2,1.0,1.0,2,28,100.0,0,10.0,19,49,229,0.0
2,1.0,1.0,1,1125,98.0,0,10.0,0,0,0,1.0
3,1.0,2.0,1,21,100.0,6,10.0,18,42,295,1.0
2,1.0,1.0,1,1125,100.0,6,10.0,27,57,332,1.0
2,1.0,2.0,2,1125,98.0,11,10.0,33,57,327,0.0
2,1.0,1.0,1,1125,100.0,6,10.0,27,57,327,1.0
5,2.0,3.0,3,31,99.0,2,10.0,19,25,245,1.0
2,1.0,1.0,30,1125,97.0,0,9.0,0,0,229,0.0
2,1.0,1.0,3,1125,93.0,0,10.0,0,0,111,0.0
4,1.0,2.0,1,90,99.0,2,10.0,2,8,15,0.0
6,3.0,4.0,2,1125,86.0,1,9.0,1,1,80,1.0
2,1.0,1.0,1,7,99.0,0,10.0,0,0,0,0.0
15,4.0,7.0,2,1125,98.0,20,10.0,38,59,327,1.0
2,1.0,1.0,2,31,97.0,13,10.0,29,53,327,1.0
4,2.0,3.0,2,21,97.0,6,10.0,20,21,268,1.0
2,1.0,1.0,2,31,98.0,3,10.0,28,58,332,1.0
6,2.0,4.0,1,365,99.0,11,10.0,18,26,255,1.0
4,2.0,2.0,2,1125,100.0,12,10.0,37,67,337,1.0
4,2.0,2.0,1,365,100.0,5,10.0,25,45,291,1.0
8,3.0,4.0,2,1125,96.0,15,10.0,36,54,323,1.0
14,3.0,5.0,1,1125,99.0,16,10.0,30,41,292,0.0
6,3.0,3.0,2,1125,100.0,12,10.0,33,63,332,0.0
2,1.0,1.0,1,365,100.0,18,10.0,36,63,296,1.0
6,2.0,2.0,1,365,99.0,10,10.0,33,63,338,1.0
6,3.0,3.0,2,365,98.0,21,10.0,51,68,322,1.0
2,1.0,1.0,1,5,100.0,0,10.0,10,38,119,0.0
12,5.0,6.0,2,365,100.0,0,10.0,1,2,125,1.0
4,2.0,3.0,2,365,100.0,9,10.0,38,68,317,1.0
14,5.0,7.0,2,365,99.0,21,10.0,41,59,313,1.0
4,2.0,2.0,2,1125,91.0,23,10.0,48,78,353,0.0
4,1.0,2.0,1,365,94.0,0,10.0,0,0,0,0.0
16,6.0,7.0,2,28,99.0,7,10.0,13,18,124,1.0
4,1.0,2.0,2,365,94.0,3,10.0,24,51,217,0.0
6,2.0,2.0,1,365,93.0,15,10.0,29,54,217,1.0
6,2.0,3.0,1,365,97.0,6,10.0,18,43,209,1.0
8,2.0,3.0,2,60,99.0,3,10.0,5,15,237,1.0
4,1.0,2.0,1,365,92.0,7,10.0,29,59,226,0.0
5,1.0,2.0,1,1125,99.0,12,10.0,30,54,319,0.0
6,2.0,3.0,1,365,97.0,14,10.0,33,62,328,1.0
4,2.0,3.0,1,1125,97.0,9,10.0,26,56,306,1.0
16,7.0,11.0,2,365,100.0,22,10.0,28,48,267,1.0
6,2.0,2.0,2,365,100.0,16,10.0,42,72,344,1.0
4,1.0,2.0,1,365,90.0,4,10.0,26,56,222,0.0
8,4.0,5.0,2,365,100.0,16,10.0,32,38,307,1.0
6,2.0,3.0,1,365,94.0,12,10.0,29,59,221,1.0
5,1.0,5.0,1,7,97.0,18,10.0,43,73,162,0.0
4,2.0,2.0,4,30,99.0,10,10.0,15,45,176,1.0
4,1.0,1.0,2,31,97.0,22,10.0,52,82,171,0.0
6,2.0,3.0,1,365,97.0,9,10.0,32,52,218,1.0
4,1.0,2.0,1,365,96.0,4,10.0,11,22,189,1.0
4,1.0,2.0,1,1125,98.0,0,10.0,9,11,229,1.0
3,1.0,2.0,2,14,97.0,11,10.0,37,67,341,0.0
4,1.0,2.0,1,365,94.0,15,10.0,38,68,235,1.0
4,1.0,1.0,1,365,99.0,15,10.0,36,66,233,1.0
4,1.0,2.0,1,365,95.0,3,10.0,24,54,221,1.0
10,5.0,5.0,3,1125,88.0,15,9.0,32,48,298,1.0
4,1.0,2.0,1,365,99.0,1,10.0,1,1,2,1.0
6,2.0,3.0,1,365,95.0,10,10.0,34,64,230,1.0
6,2.0,3.0,1,365,95.0,9,10.0,24,45,201,1.0
4,1.0,2.0,1,365,92.0,9,10.0,31,61,227,0.0
6,2.0,3.0,1,365,99.0,21,10.0,44,72,344,1.0
6,2.0,3.0,1,365,97.0,2,10.0,21,37,284,1.0
4,1.0,2.0,1,365,99.0,6,10.0,25,50,204,1.0
4,1.0,2.0,1,365,93.0,23,10.0,53,83,250,0.0
6,2.0,3.0,1,365,97.0,2,10.0,9,25,260,1.0
4,1.0,2.0,1,365,99.0,10,10.0,32,49,213,1.0
4,1.0,2.0,2,1125,99.0,12,10.0,38,68,343,1.0
4,1.0,2.0,1,365,99.0,16,10.0,43,70,237,1.0
4,2.0,2.0,2,365,100.0,6,10.0,6,25,164,1.0
4,2.0,2.0,2,365,93.0,0,10.0,0,0,0,1.0
4,2.0,2.0,2,365,100.0,11,10.0,31,57,330,1.0
4,2.0,2.0,2,365,100.0,10,10.0,33,63,337,1.0
4,2.0,2.0,2,365,100.0,10,9.0,34,64,338,1.0
4,1.0,2.0,1,365,98.0,16,10.0,46,60,218,1.0
6,2.0,3.0,1,365,98.0,13,10.0,33,56,219,1.0
4,2.0,2.0,2,1125,83.0,14,9.0,34,64,339,0.0
2,1.0,1.0,1,30,99.0,14,10.0,18,33,123,0.0
16,4.0,7.0,2,1125,100.0,9,10.0,23,34,286,1.0
8,3.0,3.0,2,10,100.0,0,10.0,0,0,15,1.0
10,4.0,6.0,2,365,100.0,16,10.0,31,48,315,1.0
6,3.0,4.0,2,365,98.0,13,10.0,27,38,283,1.0
6,2.0,2.0,1,365,98.0,9,10.0,32,57,209,1.0
4,2.0,2.0,2,365,87.0,15,10.0,29,52,315,1.0
4,2.0,3.0,2,365,80.0,15,8.0,30,49,302,1.0
8,3.0,4.0,1,365,94.0,15,10.0,21,34,243,1.0
6,3.0,3.0,2,365,100.0,28,10.0,43,52,288,1.0
6,3.0,3.0,2,365,96.0,14,10.0,21,45,295,1.0
4,2.0,2.0,1,30,96.0,0,9.0,1,31,204,0.0
13,4.0,5.0,3,1125,99.0,14,10.0,21,32,180,1.0
4,2.0,2.0,2,1125,98.0,4,10.0,18,42,317,1.0
2,1.0,1.0,1,1125,99.0,2,10.0,15,39,257,1.0
2,1.0,1.0,1,1125,99.0,21,9.0,40,60,267,1.0
13,4.0,7.0,30,1125,100.0,25,10.0,42,52,266,1.0
2,1.0,1.0,1,28,100.0,23,10.0,50,78,78,0.0
4,2.0,2.0,1,29,98.0,14,10.0,18,33,123,0.0
6,2.0,3.0,1,365,96.0,9,10.0,24,43,312,1.0
4,1.0,2.0,2,30,98.0,11,10.0,34,41,41,0.0
2,1.0,1.0,2,1125,99.0,9,10.0,26,48,48,0.0
3,1.0,1.0,2,1125,100.0,0,10.0,0,18,106,0.0
2,1.0,1.0,20,1125,100.0,1,10.0,2,2,23,0.0
4,2.0,2.0,1,365,96.0,10,10.0,32,59,225,1.0
4,2.0,2.0,2,7,99.0,18,10.0,38,60,327,1.0
6,2.0,3.0,3,30,99.0,0,10.0,0,0,0,1.0
2,1.0,1.0,2,21,100.0,21,10.0,37,55,55,0.0
6,3.0,3.0,2,365,93.0,23,10.0,53,78,353,1.0
7,2.0,3.0,2,14,100.0,12,10.0,31,61,159,1.0
3,1.0,2.0,2,15,100.0,14,10.0,34,64,162,1.0
3,1.0,1.0,2,14,98.0,9,10.0,37,67,170,1.0
2,1.0,1.0,3,31,99.0,3,10.0,20,28,176,1.0
7,3.0,3.0,30,1125,100.0,0,10.0,1,21,72,1.0
2,1.0,2.0,30,1125,100.0,0,10.0,0,0,230,0.0
4,1.0,2.0,1,28,100.0,12,10.0,25,36,304,0.0
3,1.0,1.0,2,14,100.0,19,10.0,47,77,181,0.0
4,1.0,1.0,1,11,99.0,2,10.0,3,7,198,0.0
8,3.0,4.0,2,1125,99.0,9,10.0,17,25,274,1.0
2,1.0,1.0,2,1125,96.0,17,9.0,39,69,69,0.0
4,2.0,2.0,2,29,100.0,18,10.0,34,52,52,1.0
8,3.0,3.0,1,365,100.0,10,10.0,13,24,135,1.0
4,1.0,2.0,1,365,98.0,4,10.0,24,49,216,1.0
13,4.0,7.0,2,1125,95.0,0,10.0,13,29,290,1.0
3,1.0,2.0,2,1125,96.0,19,10.0,44,74,345,0.0
2,1.0,1.0,1,1125,98.0,0,10.0,0,0,78,0.0
6,3.0,3.0,3,1125,96.0,14,9.0,37,54,303,1.0
4,2.0,2.0,2,365,94.0,11,10.0,34,64,332,1.0
2,1.0,1.0,1,365,100.0,21,10.0,43,71,313,1.0
2,1.0,1.0,2,365,100.0,15,10.0,39,69,311,1.0
2,1.0,1.0,1,365,100.0,18,10.0,48,76,317,1.0
2,1.0,1.0,1,1125,98.0,18,10.0,41,70,70,0.0
2,1.0,1.0,1,1125,94.0,15,10.0,31,61,332,0.0
8,3.0,5.0,3,1125,83.0,28,10.0,52,75,350,1.0
2,1.0,1.0,1,365,100.0,22,10.0,52,82,330,1.0
2,1.0,1.0,1,22,98.0,17,10.0,26,26,26,0.0
7,2.0,4.0,29,1125,100.0,12,10.0,16,16,263,0.0
6,3.0,4.0,2,1125,97.0,11,10.0,29,52,312,1.0
2,1.0,1.0,60,90,100.0,6,10.0,6,6,270,0.0
5,3.0,3.0,29,1125,100.0,9,10.0,21,22,115,0.0
3,1.0,2.0,2,90,100.0,15,10.0,17,17,94,0.0
7,3.0,4.0,30,150,100.0,0,10.0,24,54,71,1.0
2,1.0,1.0,2,10,100.0,0,10.0,0,0,0,0.0
6,2.0,3.0,1,1125,98.0,19,10.0,34,61,331,0.0
2,1.0,1.0,1,1125,100.0,2,10.0,2,11,217,0.0
3,1.0,1.0,2,15,100.0,6,10.0,24,54,156,1.0
4,2.0,2.0,2,365,92.0,0,10.0,0,0,0,0.0
4,2.0,2.0,2,5,100.0,0,10.0,10,38,121,0.0
8,3.0,5.0,1,365,95.0,12,10.0,29,54,322,1.0
4,2.0,2.0,2,1125,99.0,16,10.0,29,59,138,0.0
5,2.0,2.0,2,28,100.0,4,10.0,15,17,91,1.0
4,1.0,2.0,1,1125,100.0,1,10.0,5,10,80,0.0
9,3.0,5.0,3,1125,98.0,23,10.0,53,83,358,1.0
4,2.0,2.0,2,30,100.0,0,10.0,0,0,0,0.0
6,2.0,3.0,1,365,100.0,10,10.0,28,46,284,1.0
6,1.0,5.0,1,1125,98.0,23,10.0,52,82,357,0.0
10,4.0,6.0,3,1125,100.0,11,10.0,13,25,265,1.0
2,1.0,1.0,2,1125,91.0,16,9.0,39,69,344,0.0
4,1.0,2.0,1,4,98.0,0,10.0,0,0,0,0.0
4,2.0,2.0,2,1125,85.0,7,10.0,11,11,239,0.0
2,1.0,1.0,30,1125,100.0,30,10.0,60,90,270,1.0
6,1.0,2.0,2,10,99.0,12,10.0,31,59,145,0.0
2,1.0,1.0,1,3,91.0,2,9.0,11,20,76,0.0
6,3.0,3.0,3,28,100.0,11,10.0,24,26,116,0.0
3,1.0,1.0,1,4,99.0,0,10.0,0,0,0,0.0
2,1.0,1.0,2,1125,100.0,5,10.0,9,13,25,0.0
2,1.0,1.0,1,4,97.0,18,10.0,35,65,65,0.0
4,2.0,2.0,30,180,100.0,0,10.0,0,0,0,0.0
2,1.0,1.0,2,30,100.0,1,10.0,21,24,215,0.0
2,1.0,1.0,2,14,100.0,5,10.0,12,25,175,0.0
6,2.0,2.0,1,365,96.0,12,10.0,24,39,305,1.0
8,4.0,5.0,2,1125,100.0,21,10.0,44,71,339,1.0
6,3.0,2.0,1,365,92.0,30,10.0,49,71,346,1.0
6,2.0,3.0,1,1125,97.0,21,10.0,38,65,335,0.0
4,1.0,2.0,1,1125,100.0,2,10.0,15,20,86,1.0
4,1.0,2.0,2,7,100.0,29,10.0,59,89,364,0.0
5,2.0,3.0,28,1125,100.0,0,10.0,2,2,204,1.0
2,1.0,1.0,2,1125,100.0,15,10.0,45,75,350,0.0
4,1.0,2.0,1,1125,98.0,0,10.0,0,0,0,0.0
5,2.0,2.0,2,28,100.0,4,10.0,9,15,64,1.0
4,2.0,2.0,2,8,95.0,16,9.0,42,72,72,1.0
4,1.0,2.0,2,28,100.0,10,10.0,19,29,119,1.0
4,1.0,2.0,2,28,100.0,13,10.0,22,41,131,1.0
5,2.0,2.0,2,28,100.0,12,10.0,19,32,96,1.0
6,2.0,3.0,1,365,96.0,0,10.0,0,0,0,1.0
4,2.0,2.0,2,31,100.0,4,10.0,14,41,151,1.0
2,1.0,1.0,2,5,100.0,6,10.0,13,24,102,0.0
3,1.0,2.0,2,1125,100.0,9,10.0,27,52,327,0.0
12,5.0,7.0,1,365,100.0,11,10.0,19,29,268,1.0
4,1.0,2.0,2,1125,100.0,8,10.0,18,36,311,0.0
4,1.0,1.0,1,1125,98.0,4,10.0,19,42,130,0.0
4,1.0,2.0,1,1125,100.0,8,10.0,11,29,31,0.0
3,1.0,1.0,2,28,100.0,7,10.0,13,37,127,1.0
4,2.0,2.0,2,1125,97.0,11,10.0,20,22,297,1.0
6,3.0,3.0,30,365,100.0,0,10.0,0,0,229,0.0
2,1.0,1.0,2,7,100.0,2,10.0,28,52,52,0.0
8,2.0,4.0,3,1125,100.0,8,10.0,30,60,333,1.0
3,1.0,1.0,2,28,100.0,9,10.0,19,26,111,1.0
2,1.0,1.0,1,365,100.0,4,10.0,10,17,239,0.0
8,4.0,4.0,2,1125,100.0,11,10.0,31,56,331,1.0
6,2.0,3.0,1,365,100.0,4,10.0,12,35,116,1.0
4,1.0,2.0,1,365,100.0,17,10.0,36,66,341,1.0
6,2.0,4.0,1,365,100.0,11,10.0,22,47,317,1.0
11,5.0,6.0,2,1125,100.0,20,10.0,36,51,301,1.0
12,3.0,6.0,1,1125,80.0,0,10.0,0,0,0,1.0
2,1.0,1.0,2,31,100.0,28,10.0,58,87,87,0.0
4,1.0,1.0,2,4,100.0,25,10.0,55,85,85,0.0
4,2.0,2.0,60,365,97.0,0,10.0,0,0,178,0.0
2,1.0,1.0,90,180,96.0,0,10.0,0,0,0,0.0
4,2.0,4.0,60,1125,97.0,0,10.0,0,0,211,1.0
2,1.0,1.0,28,1125,99.0,19,10.0,22,51,326,0.0
3,1.0,1.0,2,3,98.0,4,10.0,10,10,10,0.0
6,2.0,2.0,30,120,94.0,30,9.0,60,90,234,0.0
4,1.0,2.0,1,1125,98.0,6,10.0,10,23,229,0.0
6,2.0,2.0,2,90,95.0,14,10.0,39,55,145,1.0
4,1.0,1.0,1,1125,98.0,7,10.0,20,37,253,0.0
2,1.0,1.0,2,160,98.0,1,10.0,5,21,172,0.0
2,1.0,1.0,2,180,99.0,8,10.0,9,9,9,0.0
16,6.0,9.0,2,365,98.0,10,10.0,35,54,264,1.0
8,3.0,3.0,2,365,94.0,18,10.0,40,64,332,1.0
10,3.0,4.0,2,365,97.0,11,10.0,28,48,280,1.0
10,4.0,7.0,2,365,99.0,12,10.0,35,61,312,1.0
2,1.0,1.0,30,1125,100.0,0,10.0,7,37,312,0.0
2,1.0,1.0,2,1125,97.0,10,9.0,31,57,78,0.0
4,1.0,2.0,3,1125,96.0,30,10.0,60,90,179,0.0
4,2.0,2.0,1,1125,98.0,14,10.0,42,67,149,0.0
8,3.0,3.0,2,365,96.0,8,10.0,22,38,295,1.0
8,3.0,3.0,1,15,98.0,15,10.0,45,75,165,1.0
2,1.0,1.0,30,1125,96.0,3,10.0,4,10,159,0.0
3,2.0,2.0,1,1125,99.0,4,10.0,4,4,4,0.0
2,1.0,1.0,1,1125,98.0,6,10.0,36,66,341,1.0
3,1.0,1.0,1,21,100.0,4,10.0,13,33,293,1.0
2,1.0,1.0,1,1125,100.0,9,10.0,39,65,340,1.0
2,1.0,2.0,2,1125,98.0,11,10.0,41,71,335,0.0
2,1.0,1.0,1,1125,100.0,8,10.0,38,64,334,1.0
2,1.0,1.0,1,1125,100.0,1,10.0,26,49,319,1.0
2,2.0,3.0,3,31,99.0,1,10.0,14,39,239,1.0
2,1.0,1.0,30,1125,100.0,6,9.0,11,37,263,0.0
2,1.0,1.0,3,1125,93.0,1,10.0,1,1,71,0.0
4,1.0,2.0,1,90,99.0,1,10.0,9,33,56,0.0
6,3.0,4.0,2,1125,86.0,1,9.0,1,1,1,1.0
2,1.0,1.0,1,14,99.0,0,10.0,0,0,0,0.0
15,4.0,7.0,2,1125,98.0,18,10.0,37,58,327,1.0
2,1.0,1.0,2,1125,98.0,7,10.0,7,7,67,0.0
2,1.0,1.0,2,21,97.0,11,10.0,41,71,345,1.0
4,2.0,3.0,2,21,97.0,2,10.0,16,35,293,1.0
2,1.0,1.0,2,21,98.0,12,10.0,22,39,313,1.0
6,2.0,4.0,1,365,99.0,2,10.0,23,46,297,1.0
4,2.0,2.0,2,1125,100.0,7,10.0,29,59,332,1.0
4,2.0,2.0,1,365,100.0,0,10.0,0,0,0,1.0
8,3.0,4.0,2,1125,97.0,14,10.0,44,74,334,1.0
14,3.0,5.0,1,1125,99.0,6,10.0,21,42,310,1.0
6,3.0,3.0,2,1125,100.0,10,10.0,36,66,330,1.0
2,1.0,1.0,1,365,100.0,11,10.0,32,60,302,1.0
6,2.0,2.0,1,365,99.0,6,10.0,31,57,332,0.0
8,3.0,3.0,2,365,98.0,8,10.0,34,64,315,1.0
2,1.0,1.0,1,5,100.0,0,10.0,30,60,149,0.0
14,5.0,6.0,2,365,100.0,5,10.0,6,6,91,1.0
4,2.0,3.0,2,365,100.0,9,10.0,39,69,344,1.0
16,5.0,7.0,2,365,99.0,0,9.0,0,0,0,1.0
4,2.0,2.0,2,1125,91.0,18,10.0,48,78,353,0.0
4,1.0,2.0,1,365,94.0,10,10.0,40,70,274,0.0
16,6.0,7.0,2,28,98.0,1,10.0,12,21,125,1.0
4,1.0,2.0,2,365,94.0,14,10.0,44,74,275,0.0
6,2.0,2.0,1,365,92.0,0,10.0,0,0,0,1.0
6,2.0,3.0,1,365,98.0,0,10.0,0,0,0,1.0
8,2.0,3.0,2,60,99.0,5,10.0,25,43,273,1.0
4,1.0,2.0,1,365,91.0,9,10.0,38,68,273,0.0
5,1.0,2.0,1,1125,99.0,7,10.0,31,61,336,0.0
6,2.0,3.0,1,365,97.0,6,10.0,25,47,309,1.0
4,2.0,3.0,1,1125,98.0,6,10.0,19,49,304,1.0
16,7.0,11.0,2,365,100.0,20,9.0,48,62,270,1.0
6,2.0,2.0,2,365,100.0,12,10.0,42,70,342,1.0
4,1.0,2.0,1,365,90.0,20,10.0,50,80,285,0.0
12,4.0,5.0,2,365,100.0,8,10.0,30,54,297,1.0
6,3.0,3.0,2,14,100.0,5,10.0,26,56,326,1.0
6,2.0,3.0,1,365,93.0,7,10.0,27,53,258,0.0
5,1.0,5.0,1,7,97.0,0,10.0,0,0,0,0.0
4,2.0,2.0,4,30,99.0,0,10.0,0,0,0,1.0
1,1.0,1.0,1,15,95.0,18,10.0,18,27,27,0.0
4,1.0,1.0,2,31,98.0,24,10.0,54,84,174,0.0
6,2.0,3.0,1,365,98.0,5,10.0,23,47,244,1.0
4,1.0,2.0,1,365,96.0,7,10.0,22,35,214,1.0
4,1.0,2.0,1,1125,98.0,8,10.0,14,36,229,1.0
3,1.0,2.0,2,14,97.0,14,10.0,44,74,349,0.0
4,1.0,2.0,1,365,94.0,3,10.0,24,54,258,1.0
4,1.0,1.0,1,365,99.0,2,10.0,16,46,248,0.0
4,1.0,2.0,1,365,95.0,4,10.0,28,53,258,1.0
10,4.0,5.0,2,1125,96.0,12,10.0,35,55,310,1.0
4,1.0,2.0,1,365,99.0,5,10.0,20,50,248,1.0
6,2.0,3.0,1,365,95.0,7,10.0,24,49,250,0.0
6,2.0,3.0,1,365,97.0,5,10.0,20,47,249,1.0
4,1.0,2.0,1,365,92.0,6,10.0,31,58,263,0.0
1,1.0,1.0,1,28,96.0,7,10.0,7,7,7,0.0
6,2.0,3.0,1,365,99.0,6,10.0,32,60,332,1.0
6,2.0,3.0,1,365,97.0,2,10.0,13,27,302,1.0
2,1.0,1.0,1,21,94.0,7,9.0,7,7,7,0.0
4,1.0,2.0,1,365,99.0,4,10.0,17,47,244,1.0
4,1.0,2.0,1,365,93.0,16,10.0,46,76,281,1.0
6,2.0,3.0,1,365,98.0,2,10.0,10,27,285,1.0
4,1.0,2.0,1,365,99.0,4,10.0,26,56,253,0.0
4,1.0,2.0,2,1125,99.0,13,10.0,37,67,342,1.0
4,1.0,2.0,1,365,99.0,0,10.0,0,0,0,1.0
6,2.0,2.0,2,365,100.0,5,10.0,21,21,125,1.0
4,2.0,2.0,2,365,90.0,5,10.0,12,38,310,1.0
4,2.0,2.0,2,365,100.0,9,10.0,39,65,335,1.0
4,2.0,2.0,2,365,100.0,8,10.0,35,64,337,1.0
4,2.0,2.0,2,365,100.0,9,9.0,33,62,335,1.0
4,1.0,2.0,1,365,98.0,1,10.0,22,52,241,0.0
6,2.0,3.0,1,365,98.0,21,10.0,48,78,279,1.0
4,2.0,2.0,2,1125,82.0,18,9.0,40,70,345,0.0
2,1.0,1.0,1,30,99.0,14,10.0,41,57,136,0.0
16,4.0,7.0,2,1125,100.0,2,10.0,18,40,308,1.0
8,3.0,3.0,2,10,100.0,0,10.0,0,0,0,1.0
12,4.0,6.0,2,365,100.0,12,10.0,33,58,327,1.0
8,3.0,4.0,2,365,98.0,6,10.0,21,36,266,1.0
6,2.0,2.0,1,365,98.0,18,10.0,46,76,281,1.0
7,2.0,2.0,2,365,87.0,10,10.0,29,48,315,1.0
7,2.0,3.0,2,365,80.0,12,8.0,29,56,313,1.0
8,3.0,4.0,1,365,94.0,5,10.0,18,32,244,1.0
6,3.0,3.0,2,365,100.0,21,10.0,48,75,263,1.0
6,3.0,3.0,2,365,96.0,13,10.0,33,58,317,1.0
4,2.0,2.0,2,30,100.0,3,8.0,26,30,188,1.0
13,4.0,5.0,3,1125,99.0,3,10.0,21,46,144,1.0
4,2.0,2.0,2,1125,98.0,6,10.0,33,60,333,1.0
2,1.0,1.0,2,1125,99.0,6,10.0,19,23,282,1.0
2,1.0,1.0,1,1125,100.0,22,9.0,44,66,260,1.0
13,4.0,7.0,30,1125,100.0,13,10.0,43,65,260,1.0
2,1.0,1.0,1,28,99.0,25,10.0,53,83,83,0.0
4,2.0,2.0,1,29,98.0,13,10.0,40,56,135,0.0
6,2.0,3.0,1,365,96.0,8,10.0,31,61,330,1.0
4,1.0,2.0,2,30,98.0,4,10.0,14,14,14,0.0
2,1.0,1.0,2,1125,99.0,14,10.0,44,74,74,0.0
3,1.0,1.0,2,1125,100.0,18,10.0,45,75,165,0.0
2,1.0,1.0,20,1125,100.0,1,10.0,2,3,4,0.0
4,2.0,2.0,1,365,95.0,15,10.0,31,61,263,1.0
6,2.0,3.0,3,30,100.0,12,10.0,39,69,245,1.0
6,3.0,3.0,2,365,91.0,8,10.0,33,63,333,1.0
7,2.0,3.0,2,14,100.0,12,10.0,38,64,148,1.0
3,1.0,2.0,2,15,100.0,5,10.0,28,49,133,1.0
3,1.0,1.0,2,14,98.0,21,10.0,45,73,163,1.0
4,1.0,1.0,3,31,99.0,1,10.0,5,35,210,1.0
3,1.0,1.0,2,1125,98.0,6,10.0,32,62,110,0.0
7,3.0,3.0,30,1125,100.0,7,10.0,7,16,106,1.0
2,1.0,2.0,30,1125,100.0,1,10.0,1,1,1,0.0
4,1.0,2.0,1,28,100.0,8,10.0,33,55,323,0.0
3,1.0,1.0,2,14,100.0,19,10.0,47,73,161,0.0
4,1.0,1.0,1,11,99.0,5,10.0,13,23,207,0.0
8,3.0,4.0,2,1125,98.0,8,10.0,22,32,263,1.0
8,3.0,3.0,1,365,100.0,9,10.0,23,39,196,1.0
4,1.0,2.0,1,365,98.0,6,10.0,31,60,260,1.0
13,4.0,7.0,2,1125,94.0,8,10.0,38,65,240,1.0
3,1.0,2.0,2,1125,96.0,19,10.0,46,76,351,0.0
2,1.0,1.0,1,1125,98.0,0,10.0,0,0,40,0.0
6,3.0,3.0,3,1125,96.0,13,10.0,43,69,322,1.0
6,2.0,2.0,2,365,93.0,10,10.0,40,70,338,1.0
2,1.0,1.0,1,365,100.0,22,10.0,52,76,274,1.0
2,1.0,1.0,2,365,100.0,13,10.0,33,63,259,1.0
2,1.0,1.0,1,365,100.0,19,10.0,47,77,276,1.0
2,1.0,1.0,1,1125,98.0,22,10.0,52,82,82,0.0
2,1.0,1.0,1,1125,96.0,15,10.0,34,54,329,0.0
8,3.0,5.0,2,1125,87.0,18,10.0,48,78,352,1.0
2,1.0,1.0,1,365,100.0,30,10.0,57,87,291,1.0
7,2.0,4.0,29,1125,100.0,0,10.0,9,39,253,0.0
6,3.0,4.0,2,1125,96.0,9,10.0,33,52,321,1.0
2,1.0,1.0,90,90,100.0,0,10.0,14,24,299,0.0
2,1.0,1.0,1,21,93.0,7,9.0,7,7,7,0.0
2,1.0,1.0,1,15,95.0,13,10.0,13,13,13,0.0
5,3.0,3.0,29,1125,100.0,7,10.0,8,28,91,0.0
3,1.0,2.0,2,90,100.0,20,10.0,45,75,165,0.0
2,1.0,1.0,1,15,100.0,6,10.0,6,6,6,0.0
1,1.0,1.0,1,18,99.0,7,10.0,7,7,7,0.0
7,3.0,4.0,30,150,100.0,0,10.0,0,15,67,1.0
2,1.0,1.0,2,1125,100.0,9,10.0,39,69,145,0.0
6,2.0,3.0,1,1125,97.0,17,10.0,43,73,348,0.0
2,1.0,1.0,1,1125,100.0,0,10.0,3,6,206,0.0
3,1.0,1.0,2,15,100.0,26,10.0,50,75,163,1.0
4,2.0,2.0,2,365,91.0,4,10.0,21,34,104,0.0
4,2.0,2.0,2,5,100.0,0,10.0,29,59,149,0.0
4,2.0,2.0,2,1125,100.0,0,9.0,0,10,285,0.0
8,3.0,5.0,1,365,94.0,6,10.0,36,56,329,1.0
4,2.0,2.0,2,7,100.0,0,10.0,0,0,0,0.0
4,2.0,2.0,2,1125,99.0,7,10.0,29,54,318,0.0
4,1.0,2.0,1,1125,100.0,7,10.0,16,30,116,0.0
9,3.0,5.0,2,1125,96.0,16,10.0,46,76,350,1.0
4,2.0,2.0,2,30,100.0,7,10.0,19,34,271,0.0
6,2.0,3.0,1,365,100.0,7,10.0,37,55,286,1.0
6,1.0,5.0,1,1125,98.0,27,10.0,57,86,360,0.0
2,1.0,1.0,2,1125,91.0,18,8.0,48,78,353,0.0
4,1.0,2.0,1,28,95.0,4,10.0,14,14,14,0.0
4,2.0,2.0,2,1125,85.0,13,10.0,37,52,241,1.0
2,1.0,1.0,30,1125,100.0,30,10.0,60,90,270,1.0
6,1.0,2.0,2,10,99.0,12,10.0,39,69,159,0.0
2,1.0,1.0,1,3,87.0,9,9.0,11,19,48,0.0
4,1.0,2.0,2,7,100.0,7,10.0,28,48,131,0.0
6,3.0,3.0,3,28,100.0,0,10.0,22,48,138,0.0
3,1.0,1.0,1,4,99.0,0,10.0,0,0,0,0.0
2,1.0,1.0,2,1125,100.0,1,10.0,6,11,55,0.0
2,1.0,1.0,1,4,97.0,12,10.0,42,72,72,0.0
4,2.0,2.0,30,180,100.0,0,10.0,0,0,0,0.0
6,1.0,3.0,2,1125,100.0,0,10.0,0,0,0,0.0
2,1.0,1.0,2,7,100.0,7,10.0,18,32,114,0.0
6,2.0,2.0,1,365,90.0,9,10.0,37,57,322,1.0
8,4.0,5.0,2,1125,100.0,11,10.0,39,61,333,1.0
6,3.0,2.0,1,365,100.0,5,10.0,27,50,317,1.0
6,2.0,3.0,1,1125,96.0,21,10.0,47,77,352,0.0
4,1.0,2.0,1,1125,100.0,0,10.0,0,0,0,0.0
5,2.0,3.0,28,1125,100.0,0,10.0,0,2,103,1.0
2,1.0,1.0,2,1125,100.0,13,10.0,42,72,347,0.0
4,1.0,2.0,1,1125,98.0,1,10.0,17,43,214,0.0
2,1.0,2.0,5,1125,100.0,14,10.0,20,46,321,0.0
4,2.0,2.0,3,8,96.0,17,10.0,47,77,77,0.0
6,2.0,3.0,1,365,100.0,7,10.0,37,67,342,1.0
4,2.0,2.0,2,31,100.0,12,10.0,20,34,131,1.0
2,1.0,1.0,2,5,100.0,5,10.0,19,44,100,0.0
3,1.0,2.0,2,1125,100.0,11,10.0,37,67,342,0.0
12,5.0,7.0,1,365,100.0,4,10.0,15,31,271,1.0
4,1.0,2.0,2,1125,100.0,14,10.0,33,60,335,0.0
4,1.0,2.0,1,1125,100.0,10,10.0,39,55,121,0.0
4,2.0,2.0,2,1125,100.0,3,10.0,12,24,245,1.0
2,1.0,1.0,2,7,100.0,19,10.0,49,79,79,0.0
4,2.0,2.0,60,180,97.0,0,10.0,0,0,152,0.0
2,1.0,1.0,90,180,96.0,0,10.0,1,31,137,0.0
4,2.0,4.0,60,1125,97.0,0,10.0,0,0,262,1.0
12,2.0,6.0,3,365,98.0,9,10.0,31,52,287,1.0
4,2.0,2.0,30,1125,94.0,10,10.0,10,10,181,0.0
2,1.0,1.0,28,1125,99.0,15,10.0,45,75,349,0.0
3,1.0,1.0,2,3,98.0,8,10.0,10,10,10,0.0
6,2.0,2.0,30,120,95.0,24,9.0,54,84,251,1.0
4,1.0,2.0,1,1125,98.0,15,10.0,29,42,259,0.0
6,2.0,2.0,2,90,95.0,19,10.0,39,67,156,0.0
4,1.0,1.0,1,1125,98.0,19,10.0,38,55,296,0.0
2,1.0,1.0,2,160,98.0,0,10.0,4,17,186,0.0
2,1.0,1.0,2,180,99.0,19,10.0,40,40,40,0.0
16,6.0,9.0,2,365,98.0,23,10.0,53,75,276,1.0
10,3.0,3.0,2,365,94.0,27,10.0,52,80,348,1.0
10,3.0,4.0,2,365,97.0,18,10.0,38,66,307,1.0
10,4.0,7.0,2,365,99.0,23,10.0,38,68,326,1.0
4,1.0,2.0,3,1125,97.0,29,10.0,59,89,179,0.0
4,2.0,2.0,1,1125,98.0,28,10.0,50,80,157,0.0
8,3.0,3.0,2,365,96.0,20,10.0,40,60,320,1.0
8,3.0,3.0,1,15,98.0,26,10.0,55,85,175,0.0
3,2.0,2.0,1,1125,99.0,8,10.0,8,8,8,0.0
2,1.0,1.0,2,28,100.0,0,10.0,0,0,166,0.0
2,1.0,1.0,1,1125,98.0,30,10.0,53,83,358,1.0
3,1.0,1.0,1,21,100.0,14,10.0,35,65,339,1.0
2,1.0,1.0,1,1125,100.0,18,10.0,42,72,347,1.0
2,1.0,2.0,2,1125,98.0,27,10.0,57,87,351,0.0
2,1.0,1.0,1,1125,100.0,21,10.0,48,78,348,1.0
2,1.0,1.0,1,1125,100.0,27,10.0,57,82,350,1.0
2,2.0,3.0,3,31,99.0,1,10.0,1,25,242,1.0
2,1.0,2.0,30,60,100.0,0,9.0,0,18,198,0.0
2,1.0,1.0,3,1125,93.0,0,10.0,1,1,202,0.0
4,1.0,2.0,1,90,99.0,3,10.0,22,52,64,0.0
6,3.0,4.0,2,1125,86.0,0,9.0,0,1,19,1.0
2,1.0,1.0,1,14,99.0,0,10.0,0,0,0,0.0
15,4.0,7.0,2,1125,98.0,16,10.0,40,64,328,1.0
2,1.0,1.0,2,1125,98.0,21,10.0,27,27,63,0.0
2,1.0,1.0,2,21,97.0,22,10.0,52,82,355,1.0
4,2.0,3.0,2,21,97.0,17,10.0,36,61,312,1.0
2,1.0,1.0,2,21,98.0,26,10.0,56,86,359,1.0
6,2.0,4.0,1,365,99.0,15,10.0,36,63,306,1.0
4,2.0,2.0,2,1125,100.0,30,10.0,50,80,355,1.0
4,2.0,2.0,1,365,99.0,9,10.0,25,47,296,1.0
8,3.0,4.0,2,1125,97.0,18,10.0,40,70,334,1.0
6,3.0,3.0,2,1125,100.0,23,10.0,50,80,351,0.0
2,1.0,1.0,1,365,100.0,10,10.0,31,59,304,1.0
6,2.0,2.0,1,365,99.0,24,10.0,54,84,359,1.0
8,3.0,3.0,2,365,98.0,11,10.0,36,66,340,1.0
2,1.0,1.0,1,5,100.0,0,10.0,8,38,127,0.0
14,5.0,6.0,2,365,100.0,0,10.0,12,18,113,1.0
4,2.0,3.0,2,365,100.0,27,10.0,49,79,354,1.0
16,5.0,7.0,2,365,100.0,12,9.0,21,48,307,1.0
4,2.0,2.0,2,1125,90.0,26,10.0,51,81,355,0.0
4,1.0,2.0,1,365,94.0,30,10.0,60,90,317,0.0
16,6.0,7.0,2,28,98.0,1,10.0,9,21,124,1.0
4,1.0,2.0,2,365,94.0,24,10.0,54,84,305,0.0
6,2.0,2.0,1,365,92.0,17,10.0,43,73,296,0.0
6,2.0,3.0,1,365,98.0,28,10.0,51,81,306,1.0
4,1.0,2.0,1,365,91.0,25,10.0,55,85,312,0.0
6,2.0,3.0,1,365,97.0,18,10.0,44,74,342,1.0
4,2.0,3.0,1,1125,98.0,8,10.0,28,47,302,1.0
16,7.0,11.0,2,365,100.0,18,9.0,38,63,286,1.0
6,2.0,2.0,2,365,100.0,24,10.0,42,72,344,1.0
4,1.0,2.0,1,365,90.0,27,10.0,55,85,312,0.0
2,1.0,1.0,3,30,99.0,24,10.0,54,79,258,0.0
12,4.0,5.0,2,365,100.0,13,10.0,32,62,330,1.0
6,2.0,3.0,1,365,93.0,22,10.0,41,71,299,0.0
5,1.0,5.0,1,7,97.0,26,10.0,54,80,170,0.0
4,2.0,2.0,1,30,99.0,6,10.0,20,44,239,1.0
1,1.0,1.0,1,15,95.0,10,10.0,10,10,10,0.0
4,1.0,1.0,2,31,98.0,29,10.0,59,89,179,0.0
6,2.0,3.0,1,365,98.0,25,10.0,39,69,296,1.0
4,1.0,2.0,1,365,97.0,24,10.0,46,73,295,0.0
4,1.0,2.0,1,1125,98.0,14,10.0,26,36,216,0.0
3,1.0,2.0,2,14,97.0,19,10.0,49,79,354,0.0
4,1.0,2.0,1,365,94.0,20,10.0,43,73,301,0.0
4,1.0,1.0,1,365,99.0,22,10.0,50,80,304,0.0
4,1.0,2.0,1,365,95.0,24,10.0,49,79,307,0.0
10,4.0,5.0,2,1125,96.0,21,10.0,43,64,320,1.0
4,1.0,2.0,1,365,99.0,24,10.0,39,68,293,1.0
6,2.0,3.0,1,365,95.0,30,10.0,60,86,314,1.0
6,2.0,3.0,1,365,97.0,19,10.0,36,63,288,1.0
4,1.0,2.0,1,365,92.0,23,10.0,53,83,310,0.0
1,1.0,1.0,1,28,96.0,11,10.0,29,57,57,0.0
6,2.0,3.0,1,365,99.0,18,10.0,37,67,247,1.0
6,2.0,3.0,1,365,97.0,14,10.0,30,55,280,1.0
2,1.0,1.0,1,21,93.0,11,9.0,11,11,11,0.0
4,1.0,2.0,1,365,99.0,8,10.0,19,43,271,0.0
4,1.0,2.0,1,365,93.0,10,10.0,40,70,298,1.0
6,2.0,3.0,1,365,98.0,12,10.0,25,49,263,1.0
4,1.0,2.0,1,365,99.0,16,10.0,29,59,275,0.0
4,1.0,2.0,2,1125,99.0,27,10.0,53,83,358,1.0
4,1.0,2.0,1,365,99.0,23,10.0,45,75,302,1.0
6,2.0,2.0,2,365,100.0,5,10.0,20,32,81,1.0
5,2.0,2.0,30,33,100.0,4,10.0,4,13,13,0.0
4,2.0,2.0,2,365,90.0,30,10.0,53,83,358,1.0
4,2.0,2.0,2,365,100.0,30,10.0,60,90,359,1.0
4,2.0,2.0,2,365,100.0,27,10.0,46,76,351,1.0
4,2.0,2.0,2,365,100.0,27,9.0,54,84,356,1.0
4,1.0,2.0,1,365,99.0,22,10.0,48,78,301,0.0
6,2.0,3.0,1,365,98.0,27,10.0,52,75,297,1.0
4,2.0,2.0,2,1125,82.0,9,9.0,39,63,337,0.0
2,1.0,1.0,1,30,99.0,11,10.0,38,64,154,0.0
8,3.0,3.0,2,10,100.0,0,10.0,0,0,0,1.0
12,4.0,6.0,2,365,100.0,23,10.0,44,68,340,1.0
8,3.0,4.0,2,365,98.0,9,10.0,23,38,271,1.0
6,2.0,2.0,1,365,98.0,23,10.0,40,66,287,1.0
7,2.0,2.0,2,365,87.0,19,10.0,45,68,341,1.0
7,2.0,3.0,2,365,75.0,19,9.0,41,62,326,1.0
8,3.0,4.0,1,365,94.0,10,10.0,23,42,247,1.0
6,3.0,3.0,2,10,100.0,27,10.0,57,87,258,1.0
6,3.0,3.0,2,365,96.0,13,10.0,30,58,329,1.0
4,2.0,2.0,3,13,100.0,22,8.0,30,30,167,0.0
13,4.0,5.0,3,1125,99.0,11,10.0,27,50,177,1.0
4,2.0,2.0,2,1125,97.0,22,10.0,46,73,347,0.0
2,1.0,1.0,2,1125,99.0,5,10.0,31,43,284,1.0
2,1.0,1.0,1,1125,100.0,25,9.0,46,68,333,1.0
2,1.0,1.0,1,28,99.0,25,10.0,55,84,84,0.0
4,2.0,2.0,1,29,98.0,11,10.0,38,64,153,0.0
6,2.0,3.0,1,365,96.0,28,10.0,58,86,358,1.0
4,1.0,2.0,2,30,98.0,17,10.0,29,37,37,0.0
2,1.0,1.0,2,1125,99.0,0,10.0,0,0,0,0.0
3,1.0,1.0,2,1125,100.0,28,10.0,58,85,174,0.0
2,1.0,1.0,20,1125,100.0,1,10.0,2,3,147,0.0
4,2.0,2.0,1,365,95.0,29,10.0,59,89,316,1.0
4,2.0,2.0,2,7,98.0,26,10.0,54,84,349,1.0
6,2.0,3.0,3,30,100.0,30,10.0,53,83,258,1.0
6,3.0,3.0,2,365,92.0,20,10.0,46,76,346,1.0
7,2.0,3.0,2,14,100.0,22,10.0,48,76,86,1.0
3,1.0,2.0,2,15,100.0,17,10.0,43,73,83,0.0
3,1.0,1.0,2,14,97.0,21,10.0,51,81,139,0.0
4,1.0,1.0,3,31,99.0,7,10.0,9,39,256,1.0
3,1.0,1.0,2,1125,98.0,13,10.0,40,66,135,0.0
7,3.0,3.0,30,1125,100.0,7,10.0,14,14,91,1.0
4,1.0,2.0,1,28,100.0,26,10.0,56,86,354,0.0
3,1.0,1.0,2,14,100.0,27,10.0,54,84,93,0.0
4,1.0,1.0,1,11,98.0,6,10.0,15,27,223,0.0
8,3.0,4.0,2,1125,100.0,7,10.0,19,38,272,1.0
8,3.0,3.0,1,365,100.0,20,10.0,39,57,262,1.0
4,1.0,2.0,1,365,98.0,25,10.0,51,81,309,1.0
3,1.0,2.0,2,1125,97.0,22,10.0,52,82,357,0.0
2,1.0,1.0,1,1125,98.0,0,10.0,0,0,17,0.0
6,3.0,3.0,3,1125,97.0,13,10.0,36,66,337,1.0
6,2.0,2.0,2,365,100.0,22,10.0,45,75,350,1.0
2,1.0,1.0,1,1125,100.0,30,10.0,60,90,359,1.0
2,1.0,1.0,2,1125,100.0,20,10.0,44,74,342,1.0
2,1.0,1.0,1,1125,100.0,18,10.0,48,78,350,1.0
2,1.0,1.0,1,1125,98.0,28,10.0,58,87,87,0.0
2,1.0,1.0,1,1125,96.0,19,10.0,26,44,44,0.0
8,3.0,5.0,2,1125,87.0,17,10.0,47,77,351,1.0
2,1.0,1.0,1,1125,100.0,30,10.0,60,90,362,1.0
7,2.0,4.0,29,1125,100.0,0,10.0,0,17,231,0.0
6,3.0,4.0,2,1125,96.0,14,10.0,37,67,334,1.0
2,1.0,1.0,30,90,100.0,0,10.0,2,14,277,0.0
2,1.0,1.0,1,21,93.0,6,9.0,6,6,6,0.0
2,1.0,1.0,1,15,95.0,10,10.0,10,10,10,0.0
5,3.0,3.0,29,1125,100.0,0,10.0,7,16,61,0.0
3,1.0,2.0,2,90,100.0,13,10.0,43,68,157,0.0
2,1.0,1.0,1,15,100.0,8,10.0,8,8,8,0.0
1,1.0,1.0,1,18,99.0,26,10.0,27,27,27,0.0
7,3.0,4.0,30,150,100.0,0,10.0,0,0,67,1.0
2,1.0,1.0,1,1125,100.0,2,10.0,8,17,232,0.0
3,1.0,1.0,2,15,100.0,26,10.0,56,83,92,0.0
4,2.0,2.0,30,1125,100.0,14,10.0,28,58,148,0.0
4,2.0,2.0,2,365,80.0,10,9.0,16,42,119,0.0
4,2.0,2.0,2,5,100.0,0,10.0,8,38,127,0.0
4,2.0,2.0,2,1125,100.0,0,9.0,0,0,263,0.0
8,3.0,5.0,1,365,94.0,8,10.0,21,51,320,1.0
4,2.0,2.0,2,7,100.0,0,10.0,0,0,0,0.0
4,2.0,2.0,2,1125,99.0,16,10.0,32,62,337,0.0
5,2.0,2.0,2,28,100.0,14,10.0,22,35,97,1.0
4,1.0,2.0,1,1125,100.0,3,10.0,21,47,128,0.0
9,3.0,5.0,2,1125,96.0,26,10.0,56,86,360,1.0
4,2.0,2.0,2,30,100.0,11,10.0,30,53,298,0.0
6,2.0,3.0,1,365,100.0,24,10.0,54,78,305,1.0
6,1.0,5.0,1,1125,99.0,25,10.0,54,84,358,0.0
2,1.0,1.0,2,1125,94.0,25,9.0,55,85,360,0.0
4,1.0,2.0,1,28,90.0,0,10.0,0,0,0,0.0
4,2.0,2.0,2,1125,80.0,18,9.0,42,67,247,0.0
2,1.0,1.0,30,1125,100.0,27,10.0,57,87,267,1.0
4,1.0,2.0,2,10,99.0,26,10.0,52,79,168,0.0
2,1.0,1.0,1,3,80.0,7,9.0,19,27,53,0.0
4,1.0,2.0,2,7,100.0,24,10.0,54,79,169,0.0
6,3.0,3.0,3,28,100.0,0,10.0,0,0,79,0.0
3,1.0,1.0,1,4,99.0,0,10.0,0,0,0,0.0
2,1.0,1.0,2,1125,100.0,4,10.0,6,17,78,0.0
2,1.0,1.0,1,4,96.0,21,10.0,51,80,80,0.0
6,1.0,3.0,2,1125,100.0,9,10.0,28,44,133,0.0
2,1.0,1.0,2,7,100.0,3,10.0,19,27,106,0.0
8,4.0,5.0,2,1125,100.0,21,10.0,49,79,347,0.0
6,3.0,2.0,1,365,100.0,22,10.0,40,70,330,0.0
4,1.0,2.0,1,1125,100.0,1,10.0,9,29,104,0.0
2,1.0,1.0,2,1125,100.0,27,10.0,50,80,354,0.0
4,1.0,2.0,1,1125,97.0,11,10.0,24,41,216,0.0
2,1.0,2.0,5,1125,100.0,15,10.0,45,75,350,0.0
5,2.0,2.0,2,28,100.0,18,10.0,25,45,125,1.0
4,2.0,2.0,2,8,95.0,25,10.0,55,84,84,0.0
4,1.0,2.0,2,28,100.0,19,10.0,39,64,154,1.0
4,1.0,2.0,2,28,100.0,18,10.0,36,62,147,1.0
5,2.0,2.0,2,28,100.0,7,10.0,20,41,108,1.0
6,2.0,3.0,1,365,100.0,16,10.0,35,65,339,1.0
4,2.0,2.0,2,31,100.0,22,10.0,37,53,156,1.0
2,1.0,1.0,2,5,100.0,13,10.0,27,52,121,0.0
3,1.0,2.0,2,1125,100.0,2,10.0,23,53,328,0.0
4,1.0,2.0,2,1125,100.0,15,10.0,36,65,340,0.0
4,1.0,2.0,1,1125,100.0,18,9.0,43,69,131,0.0
4,2.0,2.0,30,180,97.0,0,10.0,0,0,155,0.0
2,1.0,1.0,60,180,96.0,0,10.0,0,0,12,0.0
4,2.0,4.0,30,1125,97.0,0,10.0,0,0,230,1.0
12,2.0,6.0,3,365,98.0,10,10.0,14,41,274,1.0
4,2.0,2.0,30,1125,94.0,30,10.0,42,42,182,0.0
2,1.0,1.0,28,1125,99.0,9,10.0,39,69,343,0.0
3,1.0,1.0,2,3,98.0,6,10.0,24,53,53,0.0
6,2.0,2.0,30,120,95.0,0,9.0,18,48,246,0.0
4,1.0,2.0,1,1125,98.0,11,10.0,28,46,289,0.0
6,2.0,2.0,2,90,94.0,25,10.0,55,82,172,1.0
4,1.0,1.0,1,1125,98.0,13,10.0,34,59,329,0.0
2,1.0,1.0,2,160,99.0,2,10.0,2,28,207,0.0
2,1.0,1.0,2,180,99.0,27,10.0,57,87,177,0.0
16,6.0,9.0,2,365,98.0,28,10.0,53,83,302,1.0
10,3.0,3.0,2,365,94.0,1,10.0,1,1,1,1.0
10,3.0,4.0,2,365,97.0,18,10.0,45,72,337,1.0
10,4.0,7.0,2,365,99.0,15,10.0,42,56,325,1.0
1,1.0,0.0,2,45,100.0,0,10.0,0,0,0,1.0
2,1.0,1.0,2,1125,97.0,15,9.0,39,69,69,0.0
4,1.0,2.0,3,1125,97.0,30,10.0,60,90,179,0.0
4,2.0,2.0,1,1125,98.0,30,10.0,60,82,159,0.0
8,3.0,3.0,2,365,96.0,20,10.0,49,72,339,1.0
8,3.0,3.0,1,15,98.0,0,10.0,0,0,0,0.0
3,2.0,2.0,1,1125,99.0,0,10.0,0,0,0,0.0
4,2.0,2.0,2,1125,96.0,0,10.0,0,0,0,0.0
6,3.0,4.0,2,1125,96.0,2,10.0,2,17,17,0.0
2,1.0,1.0,2,28,100.0,1,10.0,5,35,215,0.0
2,1.0,1.0,1,1125,98.0,23,10.0,53,83,358,0.0
2,1.0,2.0,2,1125,98.0,26,10.0,56,86,350,0.0
2,2.0,2.0,3,31,99.0,0,10.0,18,48,265,1.0
2,1.0,2.0,30,60,100.0,0,9.0,0,0,166,0.0
2,1.0,1.0,3,1125,93.0,0,10.0,0,1,171,0.0
4,1.0,2.0,30,90,99.0,24,10.0,54,84,173,0.0
6,3.0,4.0,2,1125,86.0,1,9.0,1,1,3,1.0
2,1.0,1.0,1,14,99.0,0,10.0,0,0,0,0.0
15,4.0,7.0,2,1125,98.0,20,10.0,44,69,330,1.0
2,1.0,1.0,2,1125,98.0,24,10.0,54,68,73,0.0
2,1.0,1.0,2,21,97.0,23,10.0,51,80,350,0.0
4,2.0,3.0,2,21,97.0,23,10.0,45,68,326,1.0
2,1.0,1.0,2,21,98.0,25,10.0,55,85,359,0.0
4,2.0,2.0,2,1125,93.0,23,9.0,47,71,346,0.0
6,2.0,4.0,1,365,99.0,19,10.0,43,68,343,1.0
4,2.0,2.0,2,1125,100.0,25,10.0,55,85,360,1.0
4,2.0,2.0,1,365,99.0,13,10.0,13,35,279,1.0
8,3.0,4.0,2,1125,97.0,26,10.0,56,83,351,1.0
6,3.0,3.0,2,1125,100.0,25,10.0,51,78,349,0.0
2,1.0,1.0,1,365,100.0,17,10.0,40,66,308,1.0
6,2.0,2.0,1,365,99.0,18,10.0,45,75,333,0.0
8,3.0,3.0,2,365,98.0,28,10.0,54,84,359,1.0
6,3.0,3.0,1,28,95.0,26,9.0,56,85,85,0.0
2,1.0,1.0,1,5,100.0,16,10.0,46,76,165,0.0
14,5.0,6.0,2,365,100.0,0,10.0,17,45,305,1.0
4,2.0,3.0,2,365,100.0,23,10.0,48,70,345,1.0
16,5.0,7.0,2,365,100.0,22,10.0,49,69,336,1.0
4,2.0,2.0,2,1125,90.0,30,10.0,60,90,364,0.0
4,1.0,2.0,1,365,94.0,25,10.0,55,85,344,0.0
16,6.0,7.0,2,28,98.0,0,10.0,1,19,156,1.0
4,1.0,2.0,2,365,94.0,27,10.0,56,86,342,0.0
6,2.0,2.0,1,365,92.0,25,10.0,55,83,338,0.0
6,2.0,3.0,1,365,97.0,24,10.0,54,84,340,0.0
4,1.0,2.0,1,365,91.0,28,10.0,58,88,346,0.0
6,2.0,3.0,1,365,97.0,29,10.0,59,89,362,1.0
16,7.0,11.0,2,365,100.0,27,9.0,50,70,310,1.0
6,2.0,2.0,2,365,100.0,26,10.0,56,84,356,1.0
4,1.0,2.0,1,365,89.0,30,10.0,60,88,343,0.0
2,1.0,1.0,3,30,99.0,21,10.0,48,78,252,0.0
12,4.0,5.0,2,365,100.0,28,10.0,58,88,362,1.0
4,1.0,1.0,2,1125,91.0,0,9.0,0,0,1,0.0
6,2.0,3.0,1,365,93.0,19,10.0,43,71,329,0.0
3,1.0,3.0,1,1125,80.0,29,9.0,59,89,364,0.0
5,1.0,5.0,1,7,97.0,29,10.0,59,89,175,0.0
4,2.0,2.0,2,30,99.0,0,10.0,18,48,275,1.0
4,1.0,1.0,2,31,98.0,29,10.0,59,89,179,0.0
6,2.0,3.0,1,365,98.0,26,10.0,56,81,340,1.0
4,1.0,2.0,1,365,97.0,27,10.0,56,84,340,0.0
4,1.0,2.0,1,1125,98.0,19,10.0,43,65,291,0.0
3,1.0,2.0,2,14,97.0,30,10.0,60,90,365,0.0
4,1.0,2.0,1,365,94.0,29,10.0,59,89,348,0.0
4,1.0,1.0,1,365,99.0,24,10.0,54,82,338,0.0
4,1.0,2.0,1,365,95.0,1,10.0,1,1,1,0.0
10,4.0,5.0,2,1125,94.0,20,10.0,46,73,332,1.0
4,1.0,2.0,1,365,99.0,23,10.0,50,75,332,1.0
6,2.0,3.0,1,365,95.0,23,10.0,53,83,342,0.0
6,2.0,3.0,1,365,97.0,29,10.0,59,89,346,1.0
4,1.0,2.0,1,365,93.0,23,10.0,48,78,337,0.0
6,2.0,3.0,1,365,99.0,29,10.0,59,89,272,1.0
6,2.0,3.0,1,365,97.0,19,10.0,46,73,326,1.0
4,1.0,2.0,1,365,99.0,17,10.0,39,69,325,0.0
4,1.0,2.0,1,365,93.0,27,10.0,57,87,346,0.0
6,2.0,3.0,1,365,98.0,8,10.0,28,55,306,1.0
4,1.0,2.0,1,365,99.0,5,10.0,29,59,315,0.0
4,1.0,2.0,2,1125,99.0,26,10.0,53,82,357,1.0
4,1.0,2.0,1,365,99.0,29,10.0,59,89,348,1.0
6,2.0,2.0,2,365,100.0,21,10.0,34,34,51,1.0
4,2.0,2.0,2,365,85.0,1,10.0,1,1,1,1.0
4,2.0,2.0,2,365,100.0,29,10.0,59,89,364,1.0
4,2.0,2.0,2,365,100.0,28,10.0,58,78,352,1.0
4,2.0,2.0,2,365,100.0,28,9.0,58,86,360,1.0
4,1.0,2.0,1,365,99.0,15,10.0,42,68,327,0.0
6,2.0,3.0,1,365,98.0,30,10.0,57,86,331,1.0
4,2.0,2.0,2,1125,82.0,0,9.0,19,49,320,0.0
2,1.0,1.0,1,30,99.0,16,10.0,35,62,152,0.0
8,3.0,3.0,2,10,100.0,0,10.0,0,0,0,1.0
12,4.0,6.0,2,365,100.0,30,10.0,55,82,347,1.0
8,3.0,4.0,2,365,100.0,26,10.0,45,64,311,1.0
6,2.0,2.0,1,365,98.0,2,10.0,23,47,292,1.0
7,2.0,2.0,2,365,87.0,27,10.0,57,83,352,1.0
7,2.0,3.0,2,365,75.0,19,9.0,45,74,337,1.0
8,3.0,4.0,1,365,94.0,19,10.0,40,54,261,1.0
6,3.0,3.0,2,10,100.0,28,10.0,58,88,265,1.0
6,3.0,3.0,2,365,96.0,22,10.0,52,82,354,1.0
4,2.0,2.0,3,13,100.0,0,8.0,21,30,135,0.0
13,4.0,5.0,3,1125,98.0,27,10.0,50,75,225,1.0
4,2.0,2.0,2,1125,97.0,21,10.0,51,75,346,1.0
2,1.0,1.0,2,1125,99.0,9,10.0,26,56,279,1.0
2,1.0,1.0,1,1125,100.0,25,9.0,51,81,356,1.0
3,2.0,2.0,2,1125,91.0,0,8.0,0,0,0,1.0
2,1.0,1.0,1,30,100.0,30,10.0,60,90,90,0.0
4,2.0,2.0,1,29,98.0,17,10.0,36,63,152,0.0
6,2.0,3.0,1,365,96.0,29,10.0,59,89,362,1.0
4,1.0,2.0,2,30,98.0,17,10.0,36,57,70,0.0
2,1.0,1.0,2,1125,100.0,21,10.0,44,74,74,0.0
3,1.0,1.0,2,1125,100.0,20,10.0,46,76,162,0.0
2,1.0,1.0,20,1125,100.0,0,10.0,0,0,0,0.0
4,2.0,2.0,1,365,95.0,30,10.0,60,90,348,1.0
4,2.0,2.0,2,7,98.0,30,10.0,60,88,357,1.0
6,2.0,3.0,3,30,100.0,30,10.0,60,90,265,1.0
6,3.0,3.0,2,365,91.0,27,10.0,57,87,357,1.0
7,2.0,3.0,2,14,100.0,28,10.0,50,80,118,1.0
3,1.0,2.0,2,15,100.0,0,10.0,0,0,0,0.0
3,1.0,1.0,2,14,97.0,26,10.0,56,86,145,1.0
4,1.0,1.0,3,31,99.0,0,10.0,18,48,265,1.0
3,1.0,1.0,2,1125,98.0,12,10.0,35,63,164,0.0
7,3.0,3.0,30,1125,100.0,0,10.0,0,0,45,1.0
4,1.0,2.0,1,1125,100.0,16,10.0,46,76,351,0.0
3,1.0,1.0,2,14,100.0,27,10.0,57,87,128,0.0
4,1.0,1.0,1,11,99.0,13,10.0,27,39,252,0.0
8,3.0,4.0,2,1125,100.0,17,10.0,42,60,327,1.0
2,1.0,1.0,2,1125,97.0,19,10.0,45,74,74,0.0
8,3.0,3.0,1,365,100.0,17,10.0,47,66,312,1.0
4,1.0,2.0,1,365,99.0,21,10.0,51,81,340,0.0
3,1.0,2.0,2,1125,96.0,3,10.0,33,63,338,0.0
2,1.0,1.0,1,1125,98.0,0,10.0,0,0,0,0.0
6,3.0,3.0,3,1125,97.0,12,10.0,35,62,333,0.0
6,2.0,2.0,2,365,100.0,30,10.0,60,90,365,1.0
2,1.0,1.0,1,1125,100.0,28,10.0,58,88,360,1.0
2,1.0,1.0,1,1125,100.0,28,10.0,56,86,361,1.0
2,1.0,1.0,1,1125,98.0,0,10.0,0,0,0,0.0
8,3.0,5.0,2,1125,87.0,28,10.0,58,88,363,1.0
2,1.0,1.0,1,1125,100.0,30,10.0,60,90,365,1.0
7,2.0,4.0,29,1125,100.0,6,10.0,25,55,206,0.0
6,3.0,4.0,2,1125,96.0,22,10.0,52,82,352,1.0
2,1.0,1.0,30,90,100.0,0,10.0,3,3,278,0.0
2,1.0,1.0,1,21,93.0,0,9.0,0,0,0,0.0
2,1.0,1.0,1,15,95.0,0,9.0,0,0,0,0.0
5,3.0,3.0,29,1125,100.0,0,10.0,0,14,120,0.0
3,1.0,2.0,2,90,100.0,0,10.0,18,48,133,0.0
2,1.0,1.0,1,1125,100.0,7,10.0,31,46,290,0.0
3,1.0,1.0,2,15,100.0,29,10.0,59,89,129,1.0
4,2.0,2.0,30,1125,100.0,30,10.0,60,90,180,0.0
4,2.0,2.0,2,5,100.0,0,10.0,0,0,0,0.0
4,2.0,2.0,2,1125,100.0,0,9.0,0,0,231,0.0
8,3.0,5.0,1,365,93.0,13,10.0,41,71,345,1.0
4,2.0,2.0,2,7,100.0,0,10.0,0,0,0,0.0
4,2.0,2.0,2,1125,99.0,25,10.0,55,85,360,0.0
5,2.0,2.0,2,28,100.0,25,10.0,55,77,165,1.0
4,1.0,2.0,1,1125,100.0,2,10.0,19,38,117,0.0
9,3.0,5.0,2,1125,96.0,28,10.0,56,86,361,1.0
4,2.0,2.0,2,30,100.0,15,10.0,31,42,314,0.0
6,2.0,3.0,1,365,100.0,27,10.0,54,84,313,1.0
6,1.0,5.0,1,1125,99.0,12,10.0,42,71,346,0.0
2,1.0,1.0,2,1125,100.0,22,10.0,50,80,355,0.0
4,2.0,2.0,2,1125,90.0,26,9.0,56,86,261,0.0
2,1.0,1.0,2,1125,100.0,27,10.0,57,87,266,1.0
4,1.0,2.0,2,10,98.0,28,10.0,58,88,177,0.0
2,1.0,1.0,1,3,60.0,6,7.0,14,29,53,0.0
4,1.0,2.0,2,7,100.0,22,10.0,45,67,152,0.0
6,3.0,3.0,3,28,100.0,9,10.0,30,60,134,0.0
3,1.0,1.0,1,4,98.0,0,10.0,3,10,68,0.0
2,1.0,1.0,2,1125,100.0,12,10.0,24,50,50,1.0
2,1.0,1.0,2,1125,100.0,4,10.0,10,22,80,0.0
2,1.0,1.0,1,4,95.0,30,10.0,55,84,84,0.0
6,1.0,3.0,2,1125,100.0,8,10.0,36,63,143,1.0
2,1.0,1.0,2,7,100.0,18,10.0,35,62,144,0.0
8,4.0,5.0,2,1125,100.0,26,10.0,53,83,354,0.0
6,3.0,2.0,1,365,100.0,29,10.0,55,79,341,1.0
4,1.0,2.0,1,1125,100.0,7,10.0,20,47,123,0.0
2,1.0,1.0,2,1125,100.0,29,10.0,59,89,363,0.0
4,1.0,2.0,2,1125,100.0,18,10.0,44,74,74,0.0
5,2.0,2.0,2,28,100.0,23,10.0,53,73,163,1.0
4,2.0,3.0,2,8,100.0,30,8.0,58,87,87,0.0
4,1.0,2.0,2,28,100.0,19,10.0,49,79,169,1.0
4,1.0,2.0,2,28,100.0,26,10.0,52,82,167,1.0
2,1.0,1.0,2,1125,100.0,20,10.0,50,80,80,0.0
4,2.0,2.0,30,180,97.0,0,10.0,0,0,83,0.0
2,1.0,1.0,60,180,96.0,0,10.0,0,0,0,0.0
4,2.0,4.0,30,1125,97.0,0,10.0,17,47,322,1.0
12,2.0,6.0,3,365,98.0,5,10.0,29,47,284,1.0
2,1.0,1.0,28,1125,99.0,19,10.0,49,79,354,0.0
3,1.0,1.0,2,3,98.0,4,10.0,8,27,27,0.0
6,2.0,2.0,30,120,95.0,0,9.0,0,0,0,1.0
4,1.0,2.0,1,1125,99.0,12,10.0,27,46,298,0.0
6,2.0,2.0,2,90,94.0,0,10.0,0,0,0,1.0
4,1.0,1.0,1,1125,98.0,14,10.0,29,48,318,0.0
3,1.0,1.0,1,14,99.0,0,10.0,16,46,46,0.0
2,1.0,1.0,1,14,99.0,0,10.0,16,46,46,0.0
2,1.0,1.0,2,160,99.0,0,10.0,0,0,0,0.0
2,1.0,1.0,2,120,98.0,18,10.0,48,78,168,0.0
1,1.0,0.0,2,45,100.0,0,10.0,0,0,0,1.0
4,1.0,2.0,3,1125,97.0,24,10.0,54,84,174,0.0
4,2.0,2.0,1,1125,98.0,12,10.0,42,72,146,0.0
8,3.0,3.0,1,15,98.0,18,10.0,48,78,162,1.0
3,2.0,2.0,1,1125,99.0,0,10.0,0,0,0,0.0
2,1.0,1.0,2,28,100.0,0,10.0,1,7,187,0.0
2,1.0,1.0,1,1125,98.0,26,10.0,56,86,361,1.0
2,1.0,0.0,2,1125,98.0,17,10.0,47,77,341,0.0
2,2.0,2.0,3,31,99.0,0,10.0,0,20,265,1.0
2,1.0,1.0,3,1125,93.0,1,10.0,1,1,144,0.0
4,1.0,2.0,1,90,99.0,12,10.0,42,72,175,0.0
6,3.0,4.0,2,1125,88.0,4,9.0,5,5,6,1.0
2,1.0,1.0,1,14,99.0,0,10.0,0,0,0,0.0
15,4.0,7.0,2,1125,99.0,11,10.0,33,55,321,1.0
2,1.0,1.0,2,1125,98.0,19,10.0,49,79,169,1.0
2,1.0,1.0,1,91,97.0,15,10.0,41,71,340,0.0
4,2.0,3.0,2,91,97.0,0,10.0,0,0,0,1.0
2,1.0,1.0,1,91,99.0,16,10.0,46,76,350,0.0
4,2.0,2.0,2,1125,93.0,12,9.0,38,64,333,0.0
6,2.0,4.0,1,365,99.0,11,10.0,41,68,338,1.0
4,2.0,2.0,2,1125,100.0,20,10.0,50,80,355,1.0
4,2.0,2.0,1,365,99.0,2,10.0,17,47,299,1.0
8,3.0,4.0,2,1125,98.0,17,10.0,47,77,349,1.0
6,3.0,3.0,2,1125,100.0,0,10.0,0,0,0,1.0
2,1.0,1.0,1,7,100.0,15,10.0,41,68,315,1.0
6,2.0,2.0,1,365,99.0,18,10.0,48,78,353,1.0
6,3.0,3.0,1,28,95.0,15,9.0,45,75,75,1.0
2,1.0,1.0,1,5,100.0,0,10.0,17,47,137,0.0
4,2.0,2.0,2,1125,90.0,16,10.0,46,76,351,0.0
4,1.0,2.0,1,365,94.0,20,10.0,50,80,354,1.0
16,6.0,7.0,2,28,98.0,5,10.0,35,65,225,1.0
4,1.0,2.0,2,365,94.0,0,10.0,0,0,0,0.0
6,2.0,2.0,1,365,92.0,21,10.0,51,79,350,1.0
6,2.0,3.0,1,365,97.0,20,10.0,50,80,352,1.0
4,1.0,2.0,1,365,91.0,21,10.0,51,81,356,0.0
6,2.0,3.0,1,365,97.0,20,10.0,50,80,353,1.0
6,2.0,2.0,2,365,100.0,18,10.0,48,78,348,1.0
4,1.0,2.0,1,365,89.0,20,10.0,50,80,350,0.0
4,1.0,1.0,2,1125,91.0,0,9.0,0,0,0,0.0
6,2.0,3.0,1,365,92.0,22,10.0,52,82,355,1.0
3,1.0,3.0,1,1125,82.0,21,9.0,50,80,355,0.0
5,1.0,5.0,1,7,98.0,20,10.0,50,80,166,0.0
4,2.0,2.0,2,30,99.0,1,10.0,9,9,101,1.0
1,1.0,1.0,1,15,94.0,27,10.0,40,40,40,0.0
4,1.0,1.0,2,31,98.0,19,10.0,49,79,169,0.0
6,2.0,3.0,1,365,98.0,21,10.0,51,81,351,1.0
4,1.0,2.0,1,365,97.0,22,10.0,52,79,348,1.0
3,1.0,2.0,2,14,97.0,25,10.0,55,85,360,0.0
4,1.0,2.0,1,365,94.0,20,10.0,50,80,355,1.0
4,1.0,1.0,1,365,99.0,0,10.0,0,0,0,1.0
4,1.0,2.0,1,365,94.0,19,10.0,49,79,354,1.0
10,4.0,5.0,2,1125,93.0,10,10.0,34,64,322,1.0
4,1.0,2.0,1,365,99.0,19,10.0,49,79,347,1.0
6,2.0,3.0,1,365,98.0,21,10.0,51,81,356,1.0
6,2.0,3.0,1,365,96.0,19,10.0,49,79,352,1.0
4,1.0,2.0,1,365,94.0,20,10.0,50,80,355,0.0
4,2.0,2.0,2,1125,95.0,0,10.0,0,0,31,0.0
1,1.0,1.0,1,28,96.0,30,10.0,43,43,43,0.0
6,2.0,3.0,1,365,99.0,17,10.0,47,77,260,1.0
6,2.0,3.0,1,365,98.0,21,10.0,51,81,347,1.0
2,1.0,1.0,1,21,93.0,29,9.0,42,42,42,0.0
4,1.0,2.0,1,365,99.0,15,10.0,45,75,347,1.0
4,1.0,2.0,1,365,94.0,21,10.0,51,81,356,0.0
6,2.0,3.0,1,365,99.0,0,10.0,0,0,0,1.0
4,1.0,2.0,1,365,99.0,12,10.0,42,72,344,1.0
4,1.0,2.0,2,1125,99.0,15,10.0,42,72,347,1.0
4,1.0,2.0,1,365,99.0,18,10.0,48,78,353,1.0
2,1.0,1.0,2,90,98.0,28,10.0,58,88,178,1.0
4,1.0,2.0,1,365,99.0,21,10.0,51,81,352,1.0
6,2.0,3.0,1,365,98.0,18,10.0,48,78,339,1.0
4,2.0,2.0,2,1125,82.0,0,9.0,0,0,0,0.0
2,1.0,1.0,1,30,99.0,13,10.0,43,63,153,0.0
8,3.0,3.0,2,10,100.0,0,10.0,17,47,227,1.0
6,2.0,2.0,1,365,98.0,17,10.0,19,42,297,1.0
8,3.0,4.0,1,365,95.0,0,10.0,0,0,0,1.0
6,3.0,3.0,2,10,100.0,18,10.0,46,76,256,1.0
13,4.0,5.0,3,1125,98.0,13,10.0,43,73,244,1.0
4,2.0,2.0,2,1125,96.0,17,10.0,45,75,350,1.0
2,1.0,1.0,2,91,98.0,15,10.0,45,75,296,1.0
2,1.0,1.0,1,1125,100.0,14,9.0,39,65,340,1.0
3,2.0,2.0,2,1125,91.0,0,8.0,14,25,25,1.0
2,1.0,1.0,1,30,100.0,2,10.0,19,49,49,0.0
4,2.0,2.0,1,29,98.0,13,10.0,43,63,153,0.0
6,2.0,3.0,1,365,95.0,19,10.0,49,79,352,1.0
4,1.0,2.0,2,30,98.0,8,10.0,29,59,67,0.0
2,1.0,1.0,2,1125,100.0,19,10.0,45,75,75,0.0
3,1.0,1.0,2,1125,100.0,0,10.0,0,0,0,0.0
2,1.0,1.0,30,1125,100.0,5,10.0,17,28,140,0.0
4,2.0,2.0,1,365,95.0,0,10.0,0,0,0,1.0
4,2.0,2.0,2,7,98.0,21,10.0,51,81,349,1.0
6,2.0,3.0,3,30,100.0,18,10.0,48,78,253,1.0
7,2.0,3.0,2,14,100.0,18,10.0,46,62,110,1.0
3,1.0,2.0,2,15,100.0,22,10.0,50,72,305,1.0
3,1.0,1.0,2,14,96.0,14,10.0,44,66,114,1.0
4,1.0,1.0,3,31,99.0,0,10.0,0,19,264,0.0
3,1.0,1.0,2,1125,100.0,19,10.0,49,71,184,1.0
7,3.0,3.0,30,1125,100.0,9,10.0,9,9,26,1.0
4,1.0,2.0,1,1125,100.0,16,10.0,46,76,351,0.0
3,1.0,1.0,2,14,100.0,24,10.0,54,76,76,1.0
4,1.0,1.0,1,11,99.0,8,10.0,21,43,278,0.0
8,3.0,4.0,2,1125,100.0,15,10.0,43,71,339,1.0
8,3.0,3.0,1,365,100.0,13,10.0,43,73,337,1.0
4,1.0,2.0,1,365,98.0,22,10.0,52,82,357,1.0
3,1.0,2.0,2,1125,96.0,25,10.0,55,85,360,0.0
2,1.0,1.0,1,1125,98.0,6,10.0,6,6,6,0.0
6,3.0,3.0,3,1125,98.0,17,10.0,47,77,352,1.0
2,1.0,1.0,2,1125,100.0,19,10.0,49,79,351,1.0
2,1.0,1.0,2,1125,100.0,19,10.0,49,77,352,1.0
2,1.0,1.0,1,1125,98.0,26,10.0,56,86,359,0.0
2,1.0,1.0,1,1125,95.0,19,10.0,49,79,259,0.0
8,3.0,5.0,2,1125,87.0,17,10.0,47,77,352,1.0
2,1.0,1.0,2,1125,100.0,25,10.0,55,85,360,1.0
7,2.0,4.0,29,1125,100.0,0,10.0,0,0,0,0.0
6,3.0,4.0,2,1125,95.0,11,10.0,41,71,342,1.0
2,1.0,1.0,1,21,95.0,18,9.0,18,18,18,0.0
2,1.0,1.0,1,15,94.0,18,9.0,18,18,18,0.0
5,3.0,3.0,29,1125,100.0,0,10.0,25,55,145,0.0
3,1.0,2.0,2,90,100.0,2,10.0,30,60,145,0.0
2,1.0,1.0,1,15,100.0,16,10.0,16,16,16,0.0
1,1.0,1.0,1,18,98.0,18,10.0,26,56,56,0.0
1,1.0,1.0,2,14,93.0,30,10.0,60,90,270,1.0
2,1.0,1.0,1,1125,100.0,7,10.0,15,39,298,0.0
4,2.0,2.0,30,1125,100.0,25,10.0,55,85,175,0.0
4,2.0,2.0,2,5,100.0,8,10.0,38,68,158,0.0
4,2.0,2.0,2,1125,100.0,0,9.0,0,0,202,0.0
8,3.0,4.0,1,365,91.0,0,9.0,0,0,0,1.0
4,2.0,2.0,2,7,100.0,0,10.0,0,0,0,0.0
4,2.0,2.0,2,1125,98.0,17,10.0,47,77,352,0.0
4,1.0,2.0,1,1125,100.0,0,10.0,0,0,0,0.0
9,3.0,5.0,2,1125,93.0,20,9.0,50,80,355,1.0
4,2.0,2.0,2,30,100.0,8,10.0,38,53,320,0.0
6,2.0,3.0,1,365,100.0,18,10.0,48,78,326,1.0
6,1.0,5.0,1,1125,99.0,14,10.0,44,74,348,0.0
2,1.0,1.0,2,1125,100.0,14,10.0,39,69,344,0.0
4,2.0,2.0,2,1125,90.0,0,9.0,0,0,0,1.0
2,1.0,1.0,2,1125,100.0,23,10.0,50,80,260,1.0
4,1.0,2.0,2,10,96.0,18,10.0,48,77,166,0.0
2,1.0,1.0,1,3,60.0,4,7.0,12,21,46,0.0
4,1.0,2.0,2,7,100.0,10,10.0,35,56,135,0.0
6,3.0,3.0,3,28,100.0,2,10.0,28,58,148,1.0
3,1.0,1.0,1,4,98.0,1,10.0,4,17,22,0.0
2,1.0,1.0,2,1125,100.0,15,10.0,45,75,75,1.0
2,1.0,1.0,2,1125,100.0,5,10.0,17,44,131,0.0
2,1.0,1.0,1,4,100.0,13,10.0,43,73,73,0.0
6,1.0,3.0,2,1125,100.0,15,10.0,45,75,158,0.0
2,1.0,1.0,2,7,100.0,11,10.0,39,69,151,0.0
8,4.0,5.0,2,1125,100.0,16,10.0,46,76,351,1.0
4,1.0,2.0,1,1125,100.0,12,10.0,35,51,140,0.0
4,2.0,2.0,90,180,97.0,0,10.0,0,0,182,0.0
2,1.0,1.0,60,180,96.0,0,10.0,0,17,101,0.0
4,2.0,4.0,30,1125,97.0,0,10.0,0,1,161,1.0
12,2.0,6.0,2,365,98.0,8,10.0,8,25,260,1.0
3,1.0,1.0,2,3,98.0,0,10.0,6,36,36,0.0
6,2.0,2.0,30,120,95.0,0,9.0,6,36,126,1.0
4,1.0,2.0,1,1125,99.0,7,10.0,21,48,310,0.0
6,2.0,2.0,2,90,95.0,16,10.0,35,65,65,1.0
4,1.0,1.0,1,1125,98.0,13,10.0,31,61,331,0.0
3,1.0,1.0,1,14,99.0,0,10.0,10,40,40,0.0
2,1.0,1.0,1,14,99.0,0,10.0,10,40,40,0.0
2,1.0,1.0,2,160,98.0,8,10.0,20,50,230,0.0
2,1.0,1.0,2,120,99.0,16,10.0,34,64,154,0.0
2,1.0,1.0,2,21,98.0,13,10.0,13,15,15,0.0
1,1.0,0.0,2,45,100.0,27,10.0,57,87,177,1.0
4,1.0,2.0,3,1125,97.0,17,10.0,47,77,167,0.0
4,2.0,2.0,1,1125,98.0,15,10.0,35,62,144,0.0
8,3.0,3.0,1,15,98.0,18,10.0,39,69,153,1.0
3,2.0,2.0,1,1125,99.0,8,10.0,8,8,8,0.0
2,1.0,1.0,2,28,100.0,0,10.0,0,1,158,0.0
2,1.0,1.0,3,30,98.0,10,10.0,37,67,342,1.0
4,2.0,2.0,2,30,99.0,9,10.0,15,20,294,1.0
2,1.0,1.0,3,1125,93.0,0,10.0,0,0,221,0.0
4,1.0,2.0,1,90,99.0,7,10.0,21,50,195,0.0
6,3.0,4.0,2,1125,88.0,1,9.0,1,2,194,1.0
2,1.0,1.0,1,14,99.0,0,10.0,0,0,0,0.0
15,4.0,7.0,2,1125,99.0,15,10.0,28,52,310,1.0
12,3.0,5.0,3,1125,98.0,13,9.0,36,66,330,1.0
2,1.0,1.0,2,1125,98.0,12,10.0,42,72,162,1.0
2,1.0,1.0,3,180,97.0,6,10.0,17,47,317,0.0
4,2.0,3.0,3,180,97.0,2,10.0,6,36,295,1.0
2,1.0,1.0,3,180,98.0,5,10.0,18,48,323,0.0
8,3.0,4.0,2,1125,98.0,11,10.0,20,50,325,1.0
6,3.0,3.0,2,1125,100.0,23,10.0,36,64,339,1.0
2,1.0,1.0,1,7,100.0,8,10.0,28,56,292,1.0
2,1.0,1.0,1,5,100.0,8,10.0,22,52,142,0.0
4,2.0,2.0,2,1125,88.0,8,9.0,12,42,317,0.0
16,6.0,7.0,2,28,98.0,3,10.0,5,19,140,1.0
4,1.0,1.0,2,1125,91.0,0,9.0,0,0,0,0.0
3,1.0,3.0,1,1125,82.0,17,9.0,47,77,352,0.0
5,1.0,5.0,1,7,97.0,13,10.0,37,67,157,0.0
4,2.0,2.0,2,30,99.0,0,10.0,15,15,106,1.0
1,1.0,1.0,1,15,94.0,22,10.0,22,22,22,0.0
4,1.0,1.0,2,31,97.0,20,10.0,50,80,170,0.0
3,1.0,2.0,2,14,98.0,14,10.0,44,74,349,0.0
10,4.0,5.0,2,1125,90.0,10,10.0,17,43,300,1.0
1,1.0,1.0,1,28,97.0,17,10.0,17,22,22,0.0
2,1.0,1.0,1,21,94.0,13,9.0,13,13,13,0.0
4,1.0,2.0,2,1125,99.0,23,10.0,53,83,356,1.0
4,2.0,2.0,2,1125,82.0,1,9.0,1,1,248,0.0
2,1.0,1.0,1,30,98.0,8,10.0,36,65,145,0.0
8,3.0,3.0,2,10,100.0,0,10.0,0,5,185,1.0
6,3.0,3.0,2,10,100.0,22,10.0,42,70,250,1.0
13,4.0,5.0,3,1125,99.0,16,10.0,24,50,221,1.0
4,2.0,2.0,2,1125,96.0,16,10.0,34,63,338,1.0
2,1.0,1.0,3,29,98.0,0,10.0,9,39,262,1.0
2,1.0,1.0,1,1125,100.0,18,9.0,36,64,339,1.0
3,2.0,2.0,2,1125,91.0,5,8.0,19,37,60,1.0
2,1.0,1.0,1,30,100.0,24,10.0,54,84,84,0.0
4,2.0,2.0,1,29,97.0,8,10.0,36,65,145,0.0
4,1.0,2.0,2,30,99.0,1,10.0,9,19,19,0.0
2,1.0,1.0,2,1125,100.0,9,10.0,15,45,45,0.0
3,1.0,1.0,2,1125,100.0,17,10.0,42,72,72,0.0
2,1.0,1.0,30,1125,100.0,0,10.0,18,18,60,0.0
4,2.0,2.0,2,7,98.0,17,10.0,31,61,334,1.0
6,2.0,3.0,3,30,100.0,20,10.0,42,72,252,1.0
2,1.0,1.0,2,21,100.0,13,10.0,13,15,15,0.0
3,1.0,2.0,2,15,100.0,23,10.0,49,49,240,1.0
3,1.0,1.0,2,14,80.0,23,10.0,49,49,55,1.0
4,1.0,1.0,2,30,100.0,8,10.0,14,19,294,1.0
3,1.0,1.0,2,1125,100.0,9,10.0,39,69,144,0.0
2,2.0,2.0,30,1125,100.0,0,8.0,6,36,311,0.0
3,1.0,1.0,2,14,100.0,25,10.0,51,51,51,1.0
4,1.0,1.0,1,11,98.0,5,10.0,16,43,291,0.0
8,3.0,4.0,2,1125,100.0,14,10.0,22,52,320,1.0
3,1.0,2.0,2,1125,100.0,17,10.0,47,77,352,0.0
2,1.0,1.0,1,1125,99.0,18,10.0,45,45,45,0.0
6,3.0,3.0,3,1125,97.0,7,9.0,21,51,326,1.0
2,1.0,1.0,1,1125,99.0,6,10.0,31,61,336,0.0
2,1.0,1.0,1,1125,97.0,13,10.0,38,64,244,0.0
8,3.0,5.0,2,1125,90.0,12,10.0,31,61,336,1.0
7,2.0,4.0,29,1125,100.0,13,10.0,43,73,224,0.0
6,3.0,4.0,2,1125,97.0,10,10.0,26,56,331,1.0
2,1.0,1.0,1,15,97.0,11,10.0,11,11,11,0.0
2,1.0,1.0,1,15,93.0,0,9.0,0,0,0,0.0
5,3.0,3.0,29,1125,100.0,9,10.0,39,69,159,0.0
3,1.0,2.0,2,90,100.0,15,10.0,45,75,160,0.0
2,1.0,1.0,1,15,100.0,11,10.0,11,11,11,0.0
1,1.0,1.0,1,13,98.0,1,10.0,1,1,1,0.0
2,1.0,1.0,1,1125,100.0,0,10.0,11,37,300,0.0
4,2.0,2.0,2,5,100.0,10,10.0,25,55,145,0.0
4,2.0,2.0,2,1125,100.0,0,9.0,0,0,160,0.0
4,2.0,2.0,2,7,100.0,2,10.0,7,7,7,0.0
4,2.0,2.0,3,1125,100.0,7,10.0,28,58,333,1.0
4,1.0,2.0,1,1125,100.0,1,10.0,5,24,101,0.0
9,4.0,5.0,2,14,90.0,10,9.0,15,27,78,1.0
4,2.0,3.0,2,30,95.0,5,10.0,6,6,6,1.0
9,3.0,5.0,2,1125,100.0,16,10.0,37,62,337,1.0
4,2.0,2.0,2,30,100.0,11,10.0,25,55,330,0.0
6,1.0,5.0,1,1125,99.0,20,10.0,48,78,352,0.0
2,1.0,1.0,2,1125,100.0,23,10.0,45,75,255,1.0
1,1.0,1.0,1,7,100.0,11,10.0,11,11,11,0.0
3,1.0,2.0,1,4,100.0,4,10.0,8,11,11,0.0
2,1.0,1.0,2,1125,100.0,9,10.0,22,45,45,0.0
4,2.0,2.0,90,180,97.0,0,10.0,0,0,167,0.0
2,1.0,1.0,60,180,96.0,0,10.0,0,0,0,0.0
4,2.0,4.0,30,1125,97.0,0,10.0,0,0,146,1.0
12,2.0,6.0,2,365,98.0,7,10.0,8,12,247,1.0
3,1.0,1.0,2,3,98.0,2,10.0,5,26,26,0.0
6,2.0,2.0,30,120,95.0,7,9.0,7,28,117,1.0
4,1.0,2.0,1,1125,99.0,5,10.0,20,42,306,0.0
6,2.0,2.0,2,90,95.0,15,10.0,38,61,61,1.0
4,1.0,1.0,1,1125,98.0,0,10.0,0,0,0,0.0
3,1.0,1.0,1,14,99.0,0,10.0,0,25,25,0.0
2,1.0,1.0,1,14,99.0,0,10.0,0,24,24,0.0
2,1.0,1.0,2,160,98.0,5,10.0,27,51,231,0.0
2,1.0,1.0,2,120,99.0,13,10.0,37,63,153,0.0
2,1.0,1.0,2,21,98.0,0,10.0,0,0,0,0.0
1,1.0,0.0,2,45,100.0,28,10.0,58,88,177,1.0
4,1.0,2.0,3,1125,97.0,22,10.0,52,82,172,0.0
4,2.0,2.0,1,1125,98.0,12,10.0,33,63,145,0.0
8,3.0,3.0,1,15,98.0,10,10.0,35,59,142,1.0
3,2.0,2.0,1,1125,99.0,0,10.0,0,0,0,0.0
2,1.0,1.0,2,28,100.0,0,10.0,9,39,218,0.0
2,1.0,1.0,3,30,98.0,10,10.0,32,62,337,1.0
4,2.0,2.0,2,30,99.0,7,10.0,8,8,272,1.0
2,1.0,1.0,3,1125,93.0,0,10.0,0,0,206,0.0
4,1.0,2.0,1,90,99.0,0,10.0,22,31,31,0.0
6,3.0,4.0,2,1125,88.0,0,9.0,1,1,178,1.0
2,1.0,1.0,1,14,99.0,1,10.0,16,37,217,0.0
15,4.0,7.0,2,1125,99.0,17,10.0,35,51,309,1.0
12,3.0,5.0,3,1125,98.0,12,9.0,37,60,324,1.0
2,1.0,1.0,2,1125,98.0,0,10.0,0,0,0,1.0
2,1.0,1.0,3,180,97.0,0,10.0,0,0,0,0.0
4,2.0,3.0,3,180,97.0,4,10.0,11,29,293,1.0
2,1.0,1.0,3,180,98.0,1,10.0,11,34,308,0.0
8,3.0,4.0,2,1125,98.0,0,10.0,0,0,0,1.0
6,3.0,3.0,2,1125,100.0,20,10.0,42,69,344,1.0
2,1.0,1.0,1,7,100.0,8,10.0,32,55,289,1.0
2,1.0,1.0,1,5,100.0,0,10.0,0,0,0,0.0
4,2.0,2.0,2,1125,87.0,16,9.0,19,38,313,1.0
16,6.0,7.0,2,28,98.0,11,10.0,23,29,146,1.0
4,1.0,1.0,2,1125,91.0,10,9.0,33,63,338,1.0
5,1.0,5.0,1,7,97.0,0,10.0,0,0,0,0.0
4,2.0,2.0,2,30,99.0,6,10.0,12,19,110,1.0
1,1.0,1.0,1,15,93.0,25,10.0,33,33,33,0.0
4,1.0,1.0,2,31,97.0,12,10.0,37,67,156,0.0
3,1.0,2.0,2,14,97.0,11,10.0,41,71,346,0.0
10,4.0,5.0,2,1125,87.0,10,9.0,18,37,290,1.0
1,1.0,1.0,1,28,97.0,0,10.0,0,0,0,0.0
2,1.0,1.0,1,21,94.0,0,9.0,0,0,0,0.0
4,1.0,2.0,2,1125,99.0,17,10.0,47,77,349,1.0
4,2.0,2.0,2,1125,82.0,4,9.0,4,4,236,1.0
2,1.0,1.0,1,30,98.0,0,10.0,0,0,0,0.0
8,3.0,3.0,2,10,100.0,0,10.0,0,0,170,1.0
6,3.0,3.0,2,10,100.0,22,10.0,48,74,251,1.0
4,2.0,2.0,3,13,100.0,0,8.0,0,21,201,0.0
13,5.0,6.0,3,1125,99.0,0,10.0,0,0,0,1.0
4,2.0,2.0,2,1125,96.0,0,10.0,0,0,0,1.0
2,1.0,1.0,3,29,98.0,0,10.0,0,0,0,1.0
2,1.0,1.0,1,1125,100.0,13,9.0,32,54,329,1.0
3,2.0,2.0,2,1125,93.0,9,8.0,17,36,126,0.0
2,1.0,1.0,1,30,100.0,0,10.0,0,0,0,0.0
4,2.0,2.0,1,29,97.0,9,10.0,30,60,139,0.0
2,1.0,1.0,2,31,100.0,0,10.0,22,52,142,0.0
4,1.0,2.0,2,30,99.0,5,10.0,18,36,36,0.0
2,1.0,1.0,2,1125,100.0,6,10.0,18,39,39,0.0
3,1.0,1.0,2,1125,100.0,12,10.0,42,72,72,0.0
2,1.0,1.0,30,1125,100.0,0,10.0,8,18,45,0.0
4,2.0,2.0,2,7,98.0,0,10.0,0,0,0,1.0
6,2.0,3.0,3,30,100.0,14,10.0,37,67,246,1.0
2,1.0,1.0,2,21,100.0,0,10.0,0,0,0,0.0
3,1.0,1.0,2,14,80.0,18,10.0,48,59,59,1.0
4,1.0,1.0,2,30,100.0,5,10.0,6,27,302,1.0
3,1.0,1.0,2,1125,100.0,7,10.0,32,62,152,0.0
2,2.0,2.0,30,1125,100.0,0,8.0,0,0,0,0.0
3,1.0,1.0,2,14,100.0,18,10.0,48,59,59,1.0
4,1.0,1.0,1,11,98.0,3,10.0,17,38,291,0.0
8,3.0,4.0,2,1125,100.0,16,10.0,31,51,318,1.0
3,1.0,2.0,2,1125,100.0,15,10.0,39,69,344,0.0
2,1.0,1.0,1,1125,99.0,17,10.0,47,59,59,0.0
6,3.0,3.0,3,1125,96.0,2,9.0,24,44,319,1.0
2,1.0,1.0,1,1125,99.0,6,10.0,30,59,334,0.0
2,1.0,1.0,1,1125,97.0,7,10.0,35,65,245,0.0
8,3.0,5.0,2,1125,90.0,12,10.0,34,57,331,1.0
3,1.0,2.0,2,1125,99.0,5,10.0,30,59,334,0.0
6,3.0,4.0,2,1125,96.0,0,10.0,0,0,0,1.0
2,1.0,1.0,1,15,96.0,21,9.0,21,21,21,0.0
2,1.0,1.0,1,15,100.0,0,10.0,0,0,0,0.0
5,3.0,3.0,29,1125,100.0,0,10.0,24,54,143,0.0
3,1.0,2.0,2,90,100.0,13,10.0,37,59,149,0.0
2,1.0,1.0,1,15,100.0,6,10.0,6,6,6,0.0
1,1.0,1.0,1,13,97.0,11,10.0,11,11,11,0.0
2,1.0,1.0,1,1125,100.0,1,10.0,10,34,298,0.0
4,2.0,2.0,2,5,100.0,6,10.0,26,46,136,0.0
4,2.0,2.0,2,1125,100.0,0,9.0,0,0,145,0.0
4,2.0,2.0,2,7,100.0,6,10.0,14,14,14,0.0
4,2.0,2.0,4,1125,100.0,0,10.0,0,0,0,1.0
4,1.0,2.0,1,1125,100.0,0,10.0,8,24,114,0.0
2,1.0,1.0,1,1125,100.0,15,10.0,39,69,158,0.0
9,4.0,5.0,2,14,100.0,6,10.0,12,33,122,1.0
4,2.0,3.0,2,7,93.0,0,10.0,0,0,0,1.0
9,3.0,5.0,2,1125,100.0,15,10.0,40,65,340,1.0
4,2.0,2.0,2,30,100.0,13,10.0,34,61,336,0.0
6,1.0,5.0,1,1125,98.0,0,10.0,0,0,0,0.0
2,1.0,1.0,2,1125,100.0,0,10.0,0,0,0,1.0
4,2.0,2.0,90,180,97.0,0,10.0,0,0,137,0.0
2,1.0,1.0,60,180,96.0,0,10.0,0,0,101,0.0
4,2.0,4.0,30,1125,97.0,0,10.0,0,23,178,1.0
3,1.0,1.0,2,3,98.0,0,10.0,0,0,0,0.0
6,2.0,2.0,30,120,95.0,0,9.0,7,7,88,1.0
4,1.0,2.0,1,1125,98.0,3,10.0,15,36,302,0.0
6,2.0,2.0,2,90,95.0,0,10.0,0,0,0,1.0
4,1.0,1.0,1,1125,98.0,4,10.0,17,43,309,0.0
3,1.0,1.0,1,14,99.0,0,10.0,26,55,55,0.0
2,1.0,1.0,1,14,99.0,0,10.0,26,55,55,0.0
2,1.0,1.0,2,160,98.0,2,10.0,9,32,206,0.0
2,1.0,1.0,2,120,98.0,6,10.0,31,59,146,0.0
2,1.0,1.0,2,21,98.0,0,10.0,0,0,0,0.0
1,1.0,0.0,2,45,100.0,27,10.0,57,87,177,1.0
4,2.0,2.0,1,1125,98.0,1,10.0,21,51,135,0.0
8,3.0,3.0,1,90,98.0,2,10.0,14,39,213,1.0
3,2.0,2.0,1,1125,99.0,1,10.0,1,1,1,0.0
2,1.0,1.0,2,28,100.0,1,10.0,1,10,190,0.0
2,1.0,1.0,3,30,98.0,13,10.0,25,55,330,1.0
4,2.0,2.0,2,30,99.0,6,10.0,26,26,293,1.0
2,1.0,1.0,3,1125,93.0,0,10.0,0,0,266,0.0
6,3.0,4.0,2,1125,88.0,0,9.0,0,1,149,1.0
2,1.0,1.0,1,14,99.0,0,10.0,0,15,187,0.0
15,4.0,7.0,2,1125,100.0,19,10.0,37,58,319,1.0
12,3.0,5.0,3,1125,98.0,0,9.0,0,0,0,1.0
4,2.0,2.0,2,30,98.0,14,10.0,30,60,60,1.0
2,1.0,1.0,3,180,97.0,0,10.0,0,0,0,0.0
4,2.0,3.0,3,180,97.0,3,10.0,6,30,286,1.0
2,1.0,1.0,3,180,98.0,2,10.0,5,35,309,0.0
8,3.0,4.0,2,1125,98.0,8,10.0,24,42,317,1.0
6,3.0,3.0,2,1125,100.0,11,10.0,39,66,338,0.0
2,1.0,1.0,1,7,100.0,9,10.0,27,40,270,1.0
6,3.0,3.0,1,28,96.0,3,10.0,24,50,67,1.0
2,1.0,1.0,1,5,99.0,2,10.0,20,43,123,0.0
4,2.0,2.0,2,1125,88.0,0,10.0,0,0,0,1.0
16,6.0,7.0,2,28,98.0,0,10.0,0,0,0,1.0
4,1.0,1.0,2,1125,93.0,0,9.0,0,0,0,0.0
6,1.0,5.0,1,7,98.0,9,10.0,32,62,152,0.0
4,2.0,2.0,1,30,99.0,0,10.0,0,0,211,1.0
1,1.0,1.0,1,15,92.0,30,10.0,37,37,37,0.0
4,1.0,1.0,2,31,97.0,8,10.0,36,66,155,0.0
3,1.0,2.0,2,14,98.0,9,10.0,32,62,337,0.0
10,4.0,5.0,2,1125,90.0,8,10.0,22,35,288,1.0
4,1.0,2.0,2,1125,98.0,17,10.0,39,69,342,1.0
2,1.0,1.0,1,30,98.0,14,10.0,38,68,147,0.0
8,3.0,3.0,2,10,100.0,0,10.0,0,0,140,1.0
6,3.0,3.0,2,10,100.0,19,9.0,40,64,240,1.0
4,2.0,2.0,3,13,100.0,0,8.0,0,0,171,0.0
13,5.0,6.0,3,1125,99.0,8,10.0,23,47,214,1.0
4,2.0,2.0,2,1125,96.0,10,10.0,29,59,333,1.0
2,1.0,1.0,3,29,97.0,5,10.0,8,12,287,1.0
2,1.0,1.0,1,1125,100.0,12,9.0,33,52,319,1.0
3,2.0,2.0,2,1125,97.0,10,9.0,26,38,117,0.0
2,1.0,1.0,1,30,100.0,10,10.0,12,12,179,0.0
4,2.0,2.0,1,29,97.0,14,10.0,38,68,157,0.0
2,1.0,1.0,2,31,100.0,0,10.0,0,23,113,0.0
4,1.0,2.0,2,30,99.0,1,10.0,16,37,61,0.0
2,1.0,1.0,2,1125,100.0,0,10.0,0,0,0,0.0
3,1.0,1.0,2,1125,100.0,7,10.0,31,61,61,0.0
2,1.0,1.0,30,1125,100.0,0,10.0,0,9,107,0.0
4,2.0,2.0,2,7,97.0,14,10.0,34,60,319,1.0
6,2.0,3.0,3,30,100.0,16,10.0,40,67,247,1.0
2,1.0,1.0,2,21,100.0,11,10.0,41,70,70,0.0
2,1.0,1.0,2,30,100.0,3,10.0,23,24,291,0.0
3,1.0,1.0,2,1125,100.0,0,10.0,0,0,0,0.0
2,2.0,2.0,30,1125,100.0,0,8.0,0,0,267,0.0
8,3.0,4.0,30,1125,100.0,0,10.0,0,4,94,1.0
4,1.0,1.0,1,11,98.0,2,10.0,8,26,282,0.0
8,3.0,4.0,2,1125,100.0,13,10.0,32,56,321,1.0
3,1.0,2.0,2,1125,100.0,7,10.0,28,52,327,0.0
2,1.0,1.0,1,1125,100.0,0,10.0,0,0,0,0.0
6,3.0,3.0,3,1125,95.0,7,9.0,21,48,316,1.0
2,1.0,1.0,1,1125,99.0,2,10.0,25,55,330,0.0
2,1.0,1.0,1,1125,96.0,2,10.0,26,54,234,0.0
8,3.0,5.0,2,1125,100.0,11,10.0,35,57,332,1.0
4,1.0,3.0,2,1125,100.0,0,10.0,0,0,0,0.0
6,3.0,4.0,2,1125,100.0,4,10.0,27,52,327,1.0
2,1.0,1.0,1,15,93.0,0,9.0,0,0,0,0.0
2,1.0,1.0,1,15,100.0,0,10.0,0,0,0,0.0
5,3.0,3.0,29,1125,100.0,1,10.0,25,55,145,1.0
3,1.0,2.0,2,90,100.0,4,10.0,29,51,133,0.0
2,1.0,1.0,1,15,100.0,12,10.0,15,15,15,0.0
1,1.0,1.0,1,21,93.0,14,9.0,17,17,17,0.0
2,1.0,1.0,1,1125,100.0,0,10.0,2,5,276,0.0
4,2.0,2.0,2,1125,100.0,0,9.0,0,0,116,0.0
4,2.0,2.0,90,180,97.0,0,10.0,0,19,203,0.0
2,1.0,1.0,60,180,96.0,0,10.0,22,52,206,0.0
4,2.0,4.0,30,1125,97.0,3,10.0,3,31,186,1.0
3,1.0,1.0,2,3,98.0,6,10.0,6,6,6,0.0
6,2.0,2.0,30,120,95.0,0,9.0,5,35,125,1.0
4,1.0,2.0,1,1125,98.0,9,10.0,19,38,297,0.0
6,2.0,2.0,2,90,95.0,15,10.0,31,57,58,1.0
4,1.0,1.0,1,1125,98.0,12,10.0,26,49,322,0.0
3,1.0,1.0,1,14,99.0,0,10.0,1,31,31,0.0
2,1.0,1.0,1,14,99.0,0,10.0,1,31,31,0.0
2,1.0,1.0,2,21,98.0,7,10.0,37,67,67,0.0
1,1.0,0.0,2,45,100.0,27,10.0,57,87,177,1.0
4,2.0,2.0,1,1125,98.0,14,10.0,21,49,139,0.0
8,3.0,3.0,1,90,98.0,0,10.0,18,36,126,1.0
2,1.0,1.0,2,28,100.0,0,10.0,1,1,166,0.0
2,1.0,1.0,3,30,98.0,15,10.0,28,53,328,0.0
4,2.0,2.0,2,30,99.0,2,10.0,8,33,275,1.0
2,1.0,1.0,1,14,99.0,0,10.0,0,15,177,0.0
4,2.0,2.0,2,30,97.0,15,10.0,39,65,65,1.0
2,1.0,1.0,2,1125,98.0,9,10.0,30,55,145,1.0
2,1.0,1.0,3,180,97.0,1,10.0,3,25,290,0.0
4,2.0,3.0,3,180,97.0,9,10.0,13,24,283,1.0
2,1.0,1.0,3,180,98.0,6,10.0,11,37,312,0.0
2,1.0,1.0,1,7,100.0,15,10.0,37,55,272,1.0
6,3.0,3.0,1,28,96.0,3,10.0,4,4,4,1.0
2,1.0,1.0,1,5,100.0,16,10.0,37,60,134,0.0
16,6.0,7.0,2,28,98.0,14,10.0,26,48,216,1.0
6,1.0,5.0,1,7,97.0,24,10.0,49,79,169,0.0
4,2.0,2.0,1,30,99.0,0,10.0,0,0,211,1.0
1,1.0,1.0,1,30,93.0,26,10.0,27,27,27,0.0
4,1.0,1.0,2,31,97.0,12,10.0,36,66,156,0.0
3,1.0,2.0,2,14,97.0,25,10.0,55,85,360,0.0
2,1.0,1.0,1,30,98.0,0,10.0,0,0,0,0.0
8,3.0,3.0,2,10,100.0,0,10.0,0,0,116,1.0
6,3.0,3.0,2,10,100.0,22,9.0,44,70,250,1.0
4,2.0,2.0,3,13,100.0,0,8.0,0,0,147,0.0
13,5.0,6.0,3,1125,100.0,17,10.0,38,56,226,1.0
2,1.0,1.0,3,29,95.0,3,10.0,11,11,265,1.0
2,1.0,1.0,1,1125,100.0,13,9.0,27,47,305,1.0
3,2.0,2.0,2,1125,100.0,9,9.0,25,41,103,0.0
2,1.0,1.0,1,30,100.0,0,10.0,18,18,161,0.0
4,2.0,2.0,1,29,96.0,12,10.0,29,58,148,0.0
2,1.0,1.0,2,31,100.0,0,10.0,0,28,118,0.0
4,1.0,2.0,2,30,99.0,4,10.0,16,34,65,0.0
2,1.0,1.0,2,1125,100.0,15,10.0,20,20,20,0.0
3,1.0,1.0,2,1125,100.0,0,10.0,0,0,0,0.0
2,1.0,1.0,30,1125,100.0,4,9.0,4,18,207,0.0
4,2.0,2.0,2,7,97.0,0,10.0,0,0,0,1.0
6,2.0,3.0,3,30,100.0,20,10.0,41,68,248,1.0
2,1.0,1.0,2,21,100.0,7,10.0,37,67,67,0.0
2,1.0,1.0,2,30,100.0,3,10.0,6,31,274,0.0
3,1.0,1.0,2,1125,100.0,13,10.0,29,32,32,0.0
2,2.0,2.0,30,1125,100.0,0,8.0,0,0,242,0.0
8,3.0,4.0,30,1125,100.0,0,10.0,0,0,70,1.0
4,1.0,1.0,1,11,100.0,4,10.0,10,24,282,0.0
3,1.0,2.0,2,1125,100.0,0,10.0,22,52,327,0.0
2,1.0,1.0,1,1125,100.0,14,10.0,40,70,106,0.0
6,3.0,3.0,3,1125,96.0,17,9.0,40,70,345,1.0
2,1.0,1.0,1,1125,99.0,20,10.0,47,77,352,0.0
2,1.0,1.0,1,1125,96.0,19,10.0,42,72,252,0.0
4,1.0,2.0,2,1125,100.0,5,10.0,23,53,328,0.0
6,3.0,4.0,2,1125,100.0,22,10.0,45,75,350,1.0
2,1.0,1.0,1,1125,100.0,24,10.0,25,25,25,0.0
2,1.0,1.0,1,1125,100.0,0,9.0,0,0,0,0.0
5,3.0,3.0,29,1125,100.0,0,10.0,1,30,120,0.0
3,1.0,2.0,2,90,100.0,6,10.0,26,48,128,0.0
2,1.0,1.0,1,1125,100.0,2,10.0,3,31,31,0.0
1,1.0,1.0,1,1125,93.0,20,9.0,21,49,49,0.0
2,1.0,1.0,1,1125,100.0,3,10.0,7,13,272,0.0
